Workbook

Sheet CAPA
B1: DISTRIBUIÇÃO COMANDOS
B2: REGIONAIS POR COMANDO | E2: ULTIMA ATUALIZAÇÃO: 06/10/2026
B3: DIVISÕES POR REGIONAIS
B4: LISTA GERAL | C4: Telefones Grau V
B5: *CMD REGIONAL I* | C5: *CMD REGIONAL II* | D5: *CMD REGIONAL III* | E5: *CMD REGIONAL IV* | F5: *CMD REGIONAL V*
B6: Representante: Alex | C6: Mundial: Naruê | D6: Representante: Véio | E6: Mundial: Diego | F6: Mundial: Naruê
B7: Cmd Brasil: Borges | C7: Cmd Brasil: Bardo | D7: Cmd Brasil: Bad | E7: Cmd Regional: Marcio | F7: Cmd Brasil: Acarlos
B8: Disciplina: Machete | C8: Disciplina: Ching | D8: Disciplina: Cidão | E8: Disciplina: Machete | F8: Disciplina: Ching
B9: Inteligência: Daniel | C9: Inteligência: Custódio | D9: Inteligência: Fico | E9: Inteligência: Custódio | F9: Inteligência: Chaves
B10: Adm Cmd: | C10: Adm Cmd: | D10: Adm Cmd: Jonnhy | E10: Adm Cmd: | F10: Adm Cmd: Cabelo
B11: Expansão: Tibão / Marmita | C11: Expansão: Tibão / Diego | D11: Expansão: Tibão / Edinho | E11: Expansão: Tibão / Kracoldo | F11: Expansão: Tibão / Noslek
B12: Comunicação: Barney | C12: Comunicação: Barney | D12: Comunicação: Cruvinel | E12: Comunicação: Barney | F12: Comunicação: Chris Jr
B13: Operacional: Eric | C13: Operacional: Roney / Invictus | D13: Operacional: Godoy / Machado | E13: Operacional: Ted / Alemão / Mão | F13: Operacional: Roney / Tozão
B14: Armas: Zimermam | C14: Armas: Carcará | D14: Armas: Gomes | E14: Armas: Giordane | F14: Armas: Cembra
B15: *CMD REGIONAL VI* | C15: *CMD REGIONAL VII* | D15: *CMD REGIONAL VIII* | E15: *CMD REGIONAL IX* | F15: *CMD REGIONAL X*
B16: Mundial: Kefir | C16: Mundial: Dabota | D16: Mundial: Kefir | E16: Mundial: Naruê | F16: Mundial: Roney
... B44: Armas: Augusto | C44: Armas: Scherk | D44: Armas: Dcarne | E44: Armas: Capitão | F44: Armas: Chico Doido
B45: *CMD REGIONAL XXI* | C45: *CMD REGIONAL XXII* | D45: *CMD REGIONAL XXIII* | F45: *CMD XXV*
B46: Mundial: Roney | C46: Representante: K | D46: Mundial: Dabota | F46: Mundial: Diego
B47: Cmd Regional: Puro Ódio | C47: Cmd Regional: Seu Nelson | D47: Cmd Brasil: Mion | F47: Cmd Regional: Molezinha
B48: Disciplina: Machete | C48: Disciplina: | D48: Disciplina: Coquinho | F48: Disciplina: Igão
B49: Inteligência: Roney | C49: Inteligência: Fico | D49: Inteligência: Zelde | F49: Inteligência: Chaves
B50: Adm Cmd: Mapola | C50: Adm Cmd Br: Sola | D50: Adm Cmd Br: Sola | F50: Adm Cmd Br: Dead
B51: Expansão: Tibão / Furlan | C51: Expansão: Tibão / Adeilson | D51: Expansão: Tibão / Kracoldo | F51: Expansão: Tibão / Fonseca
B52: Comunicação: Chris Jr | C52: Comunicação: | D52: Comunicação: | F52: Comunicação:
B53: Operacional: Viking | C53: Operacional: Ted / Ceirão | D53: Operacional: Roney / Lek | F53: Operacional: Mesquita
B54: Armas: Odin | C54: Armas: Magirus | D54: Armas: | F54: Armas: Rocha
B55: *CMD REGIONAL XXVI* | C55: *CMD REGIONAL XXVII* | D55: *CMD REGIONAL XXVIII* | E55: *CMD REGIONAL XXIX* | F55: *CMD REGIONAL XXX*
B56: Mundial: Monge | C56: Mundial: Bin | D56: Mundial: Eusimio | E56: Mundial: Eusimio | F56: Representante: K
B57: Cmd Regional: Fuse | C57: Cmd Regional: Donizete | D57: Cmd Brasil: Trigão | E57: Cmd Brasil: Marquinhos | F57: Cmd Brasil: André Meira
B58: Disciplina: | C58: Disciplina: Filipe | D58: Disciplina: Dantas | E58: Disciplina: Filipe | F58: Disciplina: Igão
B59: Inteligência: Chefão | C59: Inteligência: Dias | D59: Inteligência: Reis (Kaveira) | E59: Inteligência: Fico | F59: Inteligência: Beto
B60: Adm Cmd Br: Sola | C60: Adm Cmd: Brow | D60: Adm Cmd: Cabelo | E60: Adm Cmd: Hugo Melo | F60: Adm Cmd: Joohnny
B61: Expansão: Tibão / Bomba | C61: Expansão: Tibão / Fonseca | D61: Expansão: Tibão / Jeferson | E61: Expansão: Tibão / Sniper | F61: Expansão: Tibão / Adeilson
B62: Comunicação: | C62: Comunicação: Barney | D62: Comunicação: Chris Jr | E62: Comunicação: | F62: Comunicação: Chris Jr
B63: Operacional: Ted / Kratos | C63: Operacional: Ted / Danilo | D63: Operacional: Panda | E63: Operacional: Ted / Dias | F63: Operacional: Damásio
B64: Armas: Belloto | C64: Armas: Barba Branca | D64: Armas: Pocoyo | E64: Armas: Santinão | F64: Armas: Miro
B65: CMD REGIONAL XXXI | C65: CMD REGIONAL XXXII | D65: CMD REGIONAL XXXIII | E65: CMD REGIONAL XXXIV | F65: CMD REGIONAL XXXV
B66: Mundial: Roney | C66: Mundial: Baptista | D66: Mundial: Baptista | E66: Mundial: Bin | F66: Mundial: Dabota
... B114: Armas: Capitão | C114: Armas: Rocha | D114: Armas: Shrek | E114: Armas: Odin | F114: Armas: Santinão
B115: *CMD REGIONAL LVI*
B116: Mundial:
B117: Cmd Regional: Jinno
B118: Disciplina:
B119: Inteligência:
B120: Adm Cmd:
B121: Expansão: Tibão /
B122: Comunicação:
B123: Operacional: Godoy /
B124: Armas:

Sheet GERAL
A1: 01 ao 10 >>>
A2: Comando Regional I | C2: Comando Regional II | E2: Comando Regional III | G2: Comando Regional IV | I2: Comando Regional V | K2: Comando Regional VI | M2: Comando Regional VII | O2: Comando Regional VIII | Q2: Comando Regional IX | S2: Comando Regional X
A3: REGIONAL RIO DE JANEIRO - RJ1 | C3: REGIONAL NORDESTE I | E3: REGIONAL FLORIANOPOLIS | G3: REGIONAL MANAUS | I3: REGIONAL LITORAL NORTE - SP | K3: REGIONAL BRAGANÇA | M3: REGIONAL PRESIDENTE PRUDENTE | O3: REGIONAL SP3 - LESTE | Q3: REGIONAL BRASÍLIA I - DF | S3: REGIONAL OSASCO 1 - SP
A4: REGIONAL RIO DE JANEIRO - RJ1 | B4: Divisão Centro - RJ1 | C4: REGIONAL NORDESTE I | D4: Divisão Ibiapina - CE | E4: REGIONAL FLORIANOPOLIS | F4: Divisão Criciúma - SC | G4: REGIONAL MANAUS | H4: Divisao Iranduba - AM | I4: REGIONAL LITORAL NORTE - SP | J4: Divisão Caraguatatuba Norte - SP | K4: REGIONAL BRAGANÇA | L4: Divisão Atibaia Centro - SP | M4: REGIONAL PRESIDENTE PRUDENTE | N4: Divisão Dracena - SP | O4: REGIONAL SP3 - LESTE | P4: Divisão Extremo Leste - SP3 | Q4: REGIONAL BRASILIA I - DF | R4: Divisão Brasília - DF | S4: REGIONAL OSASCO 1 - SP | T4: Divisão Osasco 1 Centro - SP
A5: REGIONAL RIO DE JANEIRO - RJ1 | B5: Divisão Penha - RJ1 (Antiga X-Leste) | C5: REGIONAL NORDESTE I | D5: Divisão Monsenhor Tabosa - CE | E5: REGIONAL FLORIANOPOLIS | F5: Divisão Florianopolis - SC | G5: REGIONAL MANAUS | H5: Divisão Itacoatiara - AM | I5: REGIONAL LITORAL NORTE - SP | J5: Divisão Caraguatatuba Sul - SP | K5: REGIONAL BRAGANÇA | L5: Divisão Bragança Paulista Centro - SP | M5: REGIONAL PRESIDENTE PRUDENTE | N5: Divisao Presidente Prudente - SP | O5: REGIONAL SP3 - LESTE | P5: Divisão Extremo Oeste - SP3 | Q5: REGIONAL BRASILIA I - DF | R5: Divisão Jardim Botânico - DF | S5: REGIONAL OSASCO 1 - SP | T5: Divisão Osasco 1 Extremo Oeste - SP
A6: REGIONAL RIO DE JANEIRO - RJ1 | B6: Divisão Ilha do Governador - RJ1 | C6: REGIONAL NORDESTE I | D6: Divisão Teresina - PI | E6: REGIONAL FLORIANOPOLIS | F6: Divisão Passo de Torres - SC | G6: REGIONAL MANAUS | H6: Divisão Itapiranga - AM | I6: REGIONAL LITORAL NORTE - SP | J6: Divisão Ilhabela - SP | K6: REGIONAL BRAGANÇA | L6: Divisão Bragança Paulista Norte - SP | M6: REGIONAL PRESIDENTE PRUDENTE | N6: Divisao Presidente Venceslau - SP | O6: REGIONAL SP3 - LESTE | P6: Divisão Extremo Sul - SP3 | Q6: REGIONAL BRASILIA I - DF | R6: Divisão Riacho Fundo - DF | S6: REGIONAL OSASCO 1 - SP | T6: Divisão Osasco 1 Extremo Sul - SP
A7: REGIONAL RIO DE JANEIRO - RJ1 | B7: Divisão Bonsucesso - RJ1 (Antiga Leste) | C7: REGIONAL NORDESTE I | D7: Divisão Tianguá - CE | E7: REGIONAL FLORIANOPOLIS | F7: Divisão Tijucas - SC | G7: REGIONAL MANAUS | H7: Divisao Manaus Centro - AM | I7: REGIONAL LITORAL NORTE - SP | J7: Divisão São Sebastião Norte 1 - SP | K7: REGIONAL BRAGANÇA | L7: Divisao Bragança Paulista Sul - SP | M7: REGIONAL PRESIDENTE PRUDENTE | N7: Divisao Tupi Paulista - SP | O7: REGIONAL SP3 - LESTE | P7: Divisão Leste - SP3 | Q7: REGIONAL BRASILIA I - DF | R7: Divisão São Sebastião - Df | S7: REGIONAL OSASCO 1 - SP | T7: Divisão Osasco 1 Leste - SP
A8: REGIONAL RIO DE JANEIRO - RJ1 | B8: Divisão Tijuca - RJ1 (Antiga Sul) | C8: REGIONAL NORDESTE I | D8: Divisão Parnaíba - PI | E8: REGIONAL FLORIANOPOLIS | F8: Divisão Tubarão - SC | G8: REGIONAL MANAUS | H8: Divisao Manaus Leste - AM | I8: REGIONAL LITORAL NORTE - SP | J8: Divisão Ubatuba - SP | K8: REGIONAL BRAGANÇA | L8: Divisão Morungaba - SP | M8: REGIONAL PRESIDENTE PRUDENTE | N8: Divisao Piraposinho- SP | O8: REGIONAL SP3 - LESTE | P8: Divisão Norte - SP3 | Q8: REGIONAL BRASILIA I - DF | R8: Divisão Vicente Pires - DF
A9: REGIONAL RIO DE JANEIRO - RJ1 | B9: Divisão Copacabana - RJ1 (Antiga Zona Sul) | C9: REGIONAL NORDESTE I | D9: Divisão Sobral - CE | E9: REGIONAL FLORIANOPOLIS | F9: Divisão São José - SC | G9: REGIONAL MANAUS | H9: Divisao Manaus Norte - AM | I9: REGIONAL LITORAL NORTE - SP | J9: Divisão São Sebastião Sul - SP | K9: REGIONAL BRAGANÇA | L9: Divisão Pinhalzinho - SP | M9: REGIONAL PRESIDENTE PRUDENTE | N9: Divisao Osvaldo Cruz - SP (Antiga Div. Bastos) | O9: REGIONAL SP3 - LESTE | P9: Divisão Oeste - SP3 | Q9: REGIONAL BRASILIA I - DF | R9: Divisão Guará - DF | S9: REGIONAL OSASCO 2 - SP
A10: REGIONAL RIO DE JANEIRO - RJ1 | B10: Divisão Méier - RJ1 | C10: REGIONAL NORDESTE I | D10: Divisão Jijoca - CE | E10: REGIONAL FLORIANOPOLIS | F10: Divisão Pachoça - SC | G10: REGIONAL MANAUS | H10: Divisao Manaus Sul - AM | I10: REGIONAL LITORAL NORTE - SP | J10: Divisão Caraguatatuba Centro - SP | K10: REGIONAL BRAGANÇA | L10: Divisão Piracaia - SP | M10: REGIONAL PRESIDENTE PRUDENTE | N10: Divisão Junqueirópolis - SP | O10: REGIONAL SP3 - LESTE | P10: Divisão Sul - SP3 | Q10: REGIONAL BRASILIA I - DF | R10: Divisão Taguatinga - DF | S10: REGIONAL OSASCO 2 - SP | T10: Divisão Osasco 2 Centro Velho - SP
A11: REGIONAL RIO DE JANEIRO - RJ1 | B11: Divisão Maracanã - RJ1 | G11: REGIONAL MANAUS | H11: Divisao Manaus Oeste - AM | I11: REGIONAL LITORAL NORTE - SP | J11: Divisão São Sebastião Centro - SP | K11: REGIONAL BRAGANÇA | L11: Divisão Nazaré Paulista - SP | M11: REGIONAL PRESIDENTE PRUDENTE | N11: Divisão Martinópolis - SP | O11: REGIONAL SP3 - LESTE | P11: Divisão Extremo Norte - SP3 | S11: REGIONAL OSASCO 2 - SP | T11: Divisão Osasco 2 Norte - SP
A12: REGIONAL RIO DE JANEIRO - RJ1 | B12: Divisão Suburbana - RJ1 | C12: REGIONAL NORDESTE II | E12: REGIONAL VALE DO ITAJAÍ - SC | G12: REGIONAL MANAUS | H12: Divisão Presidente Figueiredo - AM | I12: REGIONAL LITORAL NORTE - SP | J12: Divisão São Sebastião Norte 2 - SP | K12: REGIONAL BRAGANÇA | L12: Divisão Pedra Bela - SP | M12: REGIONAL PRESIDENTE PRUDENTE | N12: Divisão Presidente Epitácio - SP | O12: REGIONAL SP3 - LESTE | P12: Divisão Centro - SP3 | Q12: REGIONAL BRASÍLIA II - DF | S12: REGIONAL OSASCO 2 - SP | T12: Divisão Osasco 2 Oeste - SP
A13: REGIONAL RIO DE JANEIRO - RJ1 | B13: Divisão Cachambi - RJ1 | C13: REGIONAL NORDESTE II | D13: Divisão Eusebio - CE | E13: REGIONAL VALE DO ITAJAÍ - SC | F13: Divisão Barra Velha - SC | G13: REGIONAL MANAUS | H13: Divisão Manaus Sudeste - AM | K13: REGIONAL BRAGANÇA | L13: Divisão Joanópolis - SP | Q13: REGIONAL BRASÍLIA II - DF | R13: Divisão Cidade Ocidental - GO | S13: REGIONAL OSASCO 2 - SP | T13: Divisão Osasco 2 Extremo Leste - SP (Antiga Leste)
A14: REGIONAL RIO DE JANEIRO - RJ1 | B14: Divisão Galeão - RJ1 | C14: REGIONAL NORDESTE II | D14: Divisão Fortaleza Centro - CE | E14: REGIONAL VALE DO ITAJAÍ - SC | F14: Divisao Itajaí - SC | G14: REGIONAL MANAUS | H14: Divisão Manacapuru - AM | I14: REGIONAL VALE DO PARAÍBA I - SP | K14: REGIONAL BRAGANÇA | L14: Divisao Bragança Paulista Leste - SP | M14: REGIONAL SÃO JOSÉ DO RIO PRETO | O14: REGIONAL SP5 | Q14: REGIONAL BRASÍLIA II - DF | R14: Divisão Jardim Ingá - GO
A15: REGIONAL RIO DE JANEIRO - RJ1 | B15: Divisão Leblon - RJ1 | C15: REGIONAL NORDESTE II | D15: Divisão Fortaleza Leste - CE | E15: REGIONAL VALE DO ITAJAÍ - SC | F15: Divisão Navegantes - SC | I15: REGIONAL VALE DO PARAÍBA I - SP | J15: Divisão Caçapava - SP | K15: REGIONAL BRAGANÇA | L15: Divisão Atibaia Sul - SP | M15: REGIONAL SÃO JOSÉ DO RIO PRETO | N15: Divisão Barretos - SP | O15: REGIONAL SP5 | P15: Divisão Extremo Leste - SP5 | Q15: REGIONAL BRASÍLIA II - DF | R15: Divisão Luziânia - GO | S15: REGIONAL OSASCO 3 - SP
A16: REGIONAL RIO DE JANEIRO - RJ1 | B16: Divisão Ribeira - RJ1 | C16: REGIONAL NORDESTE II | D16: Divisão Fortaleza Oeste - CE | E16: REGIONAL VALE DO ITAJAÍ - SC | F16: Divisão Penha - SC | G16: REGIONAL RORAIMA | I16: REGIONAL VALE DO PARAÍBA I - SP | J16: Divisão São José dos Campos Centro - SP | K16: REGIONAL BRAGANÇA | L16: Divisão Bom Jesus dos Perdões - SP | M16: REGIONAL SÃO JOSÉ DO RIO PRETO | N16: Divisão Mirassol - SP | O16: REGIONAL SP5 | P16: Divisão Extremo Norte - SP5 | Q16: REGIONAL BRASÍLIA II - DF | R16: Divisão Novo Gama - GO | S16: REGIONAL OSASCO 3 - SP | T16: Divisão Osasco 3 Centro - SP
A17: REGIONAL RIO DE JANEIRO - RJ1 | B17: Divisão Imperial - RJ1 | C17: REGIONAL NORDESTE II | D17: Divisão Litoral Leste - CE | E17: REGIONAL VALE DO ITAJAÍ - SC | F17: Divisao Itajaí Oeste - SC | G17: REGIONAL BOA VISTA | H17: Divisão Boa Vista Centro - RR | I17: REGIONAL VALE DO PARAÍBA I - SP | J17: Divisão São José dos Campos Leste - SP | K17: REGIONAL BRAGANÇA | L17: Divisão Tuiuti - SP | M17: REGIONAL SÃO JOSÉ DO RIO PRETO | N17: Divisao Olimpia - SP | O17: REGIONAL SP5 | P17: Divisão Extremo Oeste 1 - SP5 | Q17: REGIONAL BRASÍLIA II - DF | R17: Divisão Paracatu - MG | S17: REGIONAL OSASCO 3 - SP | T17: Divisão Osasco 3 Oeste - SP
C18: REGIONAL NORDESTE II | D18: Divisão Maracanaú - CE | E18: REGIONAL LITORAL NORTE - SC | F18: Divisão Balneário Piçarras - SC | G18: REGIONAL BOA VISTA | H18: Divisão Boa Vista Leste - RR | I18: REGIONAL VALE DO PARAÍBA I - SP | J18: Divisão São José dos Campos Norte - SP | M18: REGIONAL SÃO JOSÉ DO RIO PRETO | N18: Divisao São José do Rio Preto - SP | O18: REGIONAL SP5 | P18: Divisão Extremo Sul - SP5 | Q18: REGIONAL BRASÍLIA II - DF | R18: Divisão Valparaiso - GO | S18: REGIONAL OSASCO 3 - SP | T18: Divisão Osasco 3 Extremo Norte - SP
A19: REGIONAL RIO DE JANEIRO - RJ2 | C19: REGIONAL NORDESTE II | D19: Divisão Pacajus - CE | E19: REGIONAL LITORAL NORTE - SC | F19: Divisao Ilhota - SC | G19: REGIONAL BOA VISTA | H19: Divisão Boa Vista Norte - RR | I19: REGIONAL VALE DO PARAÍBA I - SP | J19: Divisão São José dos Campos Oeste - SP | K19: REGIONAL MOGIANA - SP | M19: REGIONAL SÃO JOSÉ DO RIO PRETO | N19: Divisão Fronteira - MG | O19: REGIONAL SP5 | P19: Divisão Norte - SP5 | Q19: REGIONAL BRASÍLIA II - DF | R19: Divisão Jardim ABC - GO | S19: REGIONAL OSASCO 3 - SP | T19: Divisão Osasco 3 Sul - SP
A20: REGIONAL RIO DE JANEIRO - RJ2 | B20: Divisão Rio do A - RJ2 (Antiga Centro Oeste) | C20: REGIONAL NORDESTE II | D20: Divisão Vale do Jaguaribe - CE | E20: REGIONAL LITORAL NORTE - SC | F20: Divisão Presidente Getúlio - SC | G20: REGIONAL BOA VISTA | H20: Divisão Boa Vista Oeste - RR | I20: REGIONAL VALE DO PARAÍBA I - SP | J20: Divisão São José dos Campos Sul - SP | K20: REGIONAL MOGIANA - SP | L20: Divisão do Pinhal - SP | M20: REGIONAL SÃO JOSÉ DO RIO PRETO | N20: Divisão São José do Rio Preto Norte - SP | O20: REGIONAL SP5 | P20: Divisão Oeste - SP5 | Q20: REGIONAL BRASÍLIA II - DF | R20: Divisão Cristalina - GO | S20: REGIONAL OSASCO 3 - SP | T20: Divisão Osasco 3 Norte - SP
A21: REGIONAL RIO DE JANEIRO - RJ2 | B21: Divisão Medanha - RJ2 (Antiga X-Oeste) | C21: REGIONAL NORDESTE II | D21: Divisão Cariri - CE | G21: REGIONAL BOA VISTA | H21: Divisão Boa Vista Sul - RR | I21: REGIONAL VALE DO PARAÍBA I - SP | J21: Divisão SJC Extremo Norte - SP | K21: REGIONAL MOGIANA - SP | L21: Divisão Itapira - SP | M21: REGIONAL SÃO JOSÉ DO RIO PRETO | N21: Divisão São José do Rio Preto Leste - SP | O21: REGIONAL SP5 | P21: Divisão Sul - SP5 | S21: REGIONAL OSASCO 3 - SP | T21: Divisão Osasco 3 Extremo Oeste - SP
A22: REGIONAL RIO DE JANEIRO - RJ2 | B22: Divisão Guaratiba - RJ2 (Antiga X-Sul) | C22: REGIONAL NORDESTE II | D22: Divisão Aquiraz - CE | E22: REGIONAL PLANALTO NORTE - SC | G22: REGIONAL BOA VISTA | H22: Divisão Rorainópolis - RR | I22: REGIONAL VALE DO PARAÍBA I - SP | J22: Divisão SJC Extremo Sul - SP | K22: REGIONAL MOGIANA - SP | L22: Divisão Jaguariúna - SP | M22: REGIONAL SÃO JOSÉ DO RIO PRETO | N22: Divisão Catanduva - SP | O22: REGIONAL SP5 | P22: Divisão Extremo Oeste 2 - SP5 | Q22: REGIONAL BRASÍLIA III - DF
A23: REGIONAL RIO DE JANEIRO - RJ2 | B23: Divisão Paciência- RJ2 (Antiga Litoral Oeste) | C23: REGIONAL NORDESTE II | D23: Divisão Mauriti - CE | E23: REGIONAL PLANALTO NORTE - SC | F23: Divisão Canoinhas - SC | G23: REGIONAL BOA VISTA | H23: Divisão Rorainópolis II - RR | I23: REGIONAL VALE DO PARAÍBA I - SP | J23: Divisão SJC Extremo Leste - SP | K23: REGIONAL MOGIANA - SP | L23: Divisao Mogi Guaçu - SP | M23: REGIONAL SÃO JOSÉ DO RIO PRETO | N23: Divisão Guaraci - SP | O23: REGIONAL SP5 | P23: Divisão Extremo Leste 2 - SP5 | Q23: REGIONAL BRASÍLIA III - DF | R23: Divisão Águas Lindas - GO | S23: REGIONAL OSASCO 4 - SP
A24: REGIONAL RIO DE JANEIRO - RJ2 | B24: Divisão Rio da Prata - RJ2 (Antiga Norte) | C24: REGIONAL NORDESTE II | D24: Divisão Fortaleza Sul - CE | E24: REGIONAL PLANALTO NORTE - SC | F24: Divisão Guaramirim - SC | I24: REGIONAL VALE DO PARAÍBA I - SP | J24: Divisão Paraibuna - SP | K24: REGIONAL MOGIANA - SP | L24: Divisao Mogi Mirim - SP | M24: REGIONAL SÃO JOSÉ DO RIO PRETO | N24: Divisão Monte Aprazível - SP | Q24: REGIONAL BRASÍLIA III - DF | R24: Divisão Ceilândia - DF | S24: REGIONAL OSASCO 4 - SP | T24: Divisão Osasco 4 Extremo Leste - SP
A25: REGIONAL RIO DE JANEIRO - RJ2 | B25: Divisão Bangú - RJ2 | C25: REGIONAL NORDESTE II | D25: Divisão Juazeiro - CE | E25: REGIONAL PLANALTO NORTE - SC | F25: Divisão Jaraguá do Sul - SC | G25: REGIONAL ACRE | I25: REGIONAL VALE DO PARAÍBA I - SP | J25: Divisão Caçapava II - SP | K25: REGIONAL MOGIANA - SP | L25: Divisao Pedreira - SP | M25: REGIONAL SÃO JOSÉ DO RIO PRETO | N25: Divisão José Bonifácio - SP | O25: REGIONAL SP10 | Q25: REGIONAL BRASÍLIA III - DF | R25: Divisão Gama - DF | S25: REGIONAL OSASCO 4 - SP | T25: Divisão Osasco 4 Sul - SP
A26: REGIONAL RIO DE JANEIRO - RJ2 | B26: Divisão Mato Alto - RJ2 | C26: REGIONAL NORDESTE II | D26: Divisão Crato - CE | E26: REGIONAL PLANALTO NORTE - SC | F26: Divisao Rio Negrinho - SC | G26: REGIONAL ACRE | H26: Divisão Boca do Acre - AM | K26: REGIONAL MOGIANA - SP | L26: Divisão Gerbi - SP | M26: REGIONAL SÃO JOSÉ DO RIO PRETO | N26: Divisão Icém - SP | O26: REGIONAL SP10 | P26: Divisão Norte - SP10 | Q26: REGIONAL BRASÍLIA III - DF | R26: Divisão Recanto das Emas - DF | S26: REGIONAL OSASCO 4 - SP | T26: Divisão Osasco 4 Oeste - SP (Antiga X-Leste)
A27: REGIONAL RIO DE JANEIRO - RJ2 | B27: Divisão Inhoaíba - RJ2 | C27: REGIONAL NORDESTE II | D27: Divisão Campina Grande do Sul - PR | E27: REGIONAL PLANALTO NORTE - SC | F27: Divisão São Bento do Sul - SC | G27: REGIONAL ACRE | H27: Divisão Rio Branco - AC | I27: REGIONAL VALE DO PARAÍBA II - SP | K27: REGIONAL MOGIANA - SP | L27: Divisão Itapira Sul - SP | M27: REGIONAL SÃO JOSÉ DO RIO PRETO | N27: Divisão São José do Rio Preto Centro - SP | O27: REGIONAL SP10 | P27: Divisão Sul - SP10 | Q27: REGIONAL BRASÍLIA III - DF | R27: Divisão Samambaia - DF | S27: REGIONAL OSASCO 4 - SP | T27: Divisão Osasco 4 Norte - SP
A28: REGIONAL RIO DE JANEIRO - RJ2 | B28: Divisão Padre Miguel - RJ2 | E28: REGIONAL PLANALTO NORTE - SC | F28: Divisão Schroeder - SC | G28: REGIONAL ACRE | H28: Divisão Cruzeiro do Sul - AC | I28: REGIONAL VALE DO PARAÍBA II - SP | J28: Divisão Guaratinguetá - SP | M28: REGIONAL SÃO JOSÉ DO RIO PRETO | N28: Divisão São José do Rio Preto Sul - SP | O28: REGIONAL SP10 | P28: Divisão Leste - SP10 | Q28: REGIONAL BRASÍLIA III - DF | R28: Divisão Santa Maria - DF
A29: REGIONAL RIO DE JANEIRO - RJ2 | B29: Divisão Campo Grande - RJ2 | C29: REGIONAL NORDESTE III | E29: REGIONAL PLANALTO NORTE - SC | F29: Divisão Campo Alegre - SC | I29: REGIONAL VALE DO PARAÍBA II - SP | J29: Divisão Pindamonhangaba - SP | K29: REGIONAL SÃO JOÃO DA BOA VISTA - SP | M29: REGIONAL SÃO JOSÉ DO RIO PRETO | N29: Divisão Cardoso - SP | O29: REGIONAL SP10 | P29: Divisão Oeste - SP10 | S29: REGIONAL OSASCO 5 - SP
A30: REGIONAL RIO DE JANEIRO - RJ2 | B30: Divisão Barra de Guaratiba - RJ2 | C30: REGIONAL NORDESTE III | D30: Divisão Mossoró - RN | E30: REGIONAL PLANALTO NORTE - SC | F30: Divisão Mafra - SC | I30: REGIONAL VALE DO PARAÍBA II - SP | J30: Divisão Taubaté - SP | K30: REGIONAL SÃO JOÃO DA BOA VISTA - SP | L30: Divisão Poços de Caldas - MG | M30: REGIONAL SÃO JOSÉ DO RIO PRETO | N30: Divisão São José do Rio Preto Sul - SP | O30: REGIONAL SP10 | P30: Divisão Extremo Norte - SP10 | Q30: REGIONAL BRASÍLIA IV- DF | S30: REGIONAL OSASCO 5 - SP | T30: Divisão Osasco 5 Extremo Oeste - SP
A31: REGIONAL RIO DE JANEIRO - RJ2 | B31: Divisão Magalhães Bastos - RJ2 | C31: REGIONAL NORDESTE III | D31: Divisão Natal - RN | E31: REGIONAL PLANALTO NORTE - SC | F31: Divisão Corupá - SC | I31: REGIONAL VALE DO PARAÍBA II - SP | J31: Divisão Tremembé - SP | K31: REGIONAL SÃO JOÃO DA BOA VISTA - SP | L31: Divisao São Joao da Boa Vista - SP | M31: REGIONAL SÃO JOSÉ DO RIO PRETO | N31: Divisão Bady Bassit - SP | O31: REGIONAL SP10 | P31: Divisão Extremo Sul - SP10 | Q31: REGIONAL BRASÍLIA IV - DF | R31: Divisão Formosa - GO | S31: REGIONAL OSASCO 5 - SP | T31: Divisão Osasco 5 Leste - SP (Antiga Oeste)
A32: REGIONAL RIO DE JANEIRO - RJ2 | B32: Divisão Campinho - RJ2 | C32: REGIONAL NORDESTE III | D32: Divisão Parnamirim - RN | E32: REGIONAL PLANALTO NORTE - SC | F32: Divisão Porto União - SC | I32: REGIONAL VALE DO PARAÍBA II - SP | J32: Divisão Redenção da Serra - SP | K32: REGIONAL SÃO JOÃO DA BOA VISTA - SP | L32: Divisão Vargem Grande do Sul - SP | O32: REGIONAL SP10 | P32: Divisão Extremo Oeste - SP10 | Q32: REGIONAL BRASÍLIA IV - DF | R32: Divisão Paranoá - DF | S32: REGIONAL OSASCO 5 - SP | T32: Divisão Osasco 5 Centro - SP (Antiga X-Oeste)
C33: REGIONAL NORDESTE III | D33: Divisão Ceará-Mirim - RN | E33: REGIONAL PLANALTO NORTE - SC | F33: Divisão Rio Negrinho Norte - SC | I33: REGIONAL VALE DO PARAÍBA II - SP | J33: Divisão Moreira César - SP | K33: REGIONAL SÃO JOÃO DA BOA VISTA - SP | L33: Divisão Águas da Prata - SP | M33: REGIONAL ANDRADINA | O33: REGIONAL SP10 | P33: Divisão Extremo Leste - SP10 | Q33: REGIONAL BRASÍLIA IV - DF | R33: Divisão Planaltina - GO
A34: REGIONAL RIO DE JANEIRO - RJ3 | C34: REGIONAL NORDESTE III | D34: Divisão Seridó - RN | I34: REGIONAL VALE DO PARAÍBA II - SP | J34: Divisão Santo Antônio do Pinhal - SP | K34: REGIONAL SÃO JOÃO DA BOA VISTA - SP | L34: Divisao Aguaí - SP | M34: REGIONAL ANDRADINA | N34: Divisão Andradina - SP | O34: REGIONAL SP10 | P34: Divisão Centro - SP10 | Q34: REGIONAL BRASÍLIA IV - DF | R34: Divisão Planaltina - DF
A35: REGIONAL RIO DE JANEIRO - RJ3 | B35: Divisão Vila Valqueire - RJ3 (Antiga X-Norte) | C35: REGIONAL NORDESTE III | D35: Divisão Campina Grande - PB | E35: REGIONAL LITORAL SUL - SC | I35: REGIONAL VALE DO PARAÍBA II - SP | J35: Divisão Pindamonhangaba II - SP | M35: REGIONAL ANDRADINA | N35: Divisão Ilha Solteira - SP | Q35: REGIONAL BRASÍLIA IV - DF | R35: Divisão Sobradinho - DF
A36: REGIONAL RIO DE JANEIRO - RJ3 | B36: Divisão Inhaúma - RJ3 (Antiga Norte) | C36: REGIONAL NORDESTE III | D36: Divisão João Pessoa Norte - PB | E36: REGIONAL LITORAL SUL - SC | F36: Divisão Itapema - SC | I36: REGIONAL VALE DO PARAÍBA II - SP | J36: Divisão Pindamonhangaba III - SP | K36: REGIONAL CIRCUITO DAS ÁGUAS - SP | M36: REGIONAL ANDRADINA | N36: Divisão Castilho - SP | O36: REGIONAL SP13 | Q36: REGIONAL BRASÍLIA IV - DF | R36: Divisão Unaí - MG
A37: REGIONAL RIO DE JANEIRO - RJ3 | B37: Divisão Madureira -RJ3 | E37: REGIONAL LITORAL SUL - SC | F37: Divisão Bombinhas - SC | I37: REGIONAL VALE DO PARAÍBA II - SP | J37: Divisão Taubaté II - SP | K37: REGIONAL CIRCUITO DAS ÁGUAS - SP | L37: Divisão Socorro - SP | M37: REGIONAL ANDRADINA | N37: Divisão Pereira Barreto - SP | O37: REGIONAL SP13 | P37: Divisão Leste - SP13
A38: REGIONAL RIO DE JANEIRO - RJ3 | B38: Divisão Irajá - RJ3 | C38: REGIONAL NORDESTE VI | E38: REGIONAL LITORAL SUL - SC | F38: Divisão Porto Belo - SC | I38: REGIONAL VALE DO PARAÍBA II - SP | J38: Divisão Campos do Jordão - SP | K38: REGIONAL CIRCUITO DAS ÁGUAS - SP | L38: Divisao Águas de Lindóia - SP | M38: REGIONAL ANDRADINA | N38: Divisão Murutinga do Sul - SP | O38: REGIONAL SP13 | P38: Divisão Oeste - SP13 | Q38: REGIONAL TOCANTINS
A39: REGIONAL RIO DE JANEIRO - RJ3 | B39: Divisão Sulacap - RJ3 | C39: REGIONAL NORDESTE VI | D39: Divisão Barreirinhas - MA | K39: REGIONAL CIRCUITO DAS ÁGUAS - SP | L39: Divisão Lindóia - SP | M39: REGIONAL ANDRADINA | N39: Divisão Mirandópolis - SP | O39: REGIONAL SP13 | P39: Divisão Norte - SP13 | Q39: REGIONAL TOCANTINS | R39: Divisão Araguaína - TO
A40: REGIONAL RIO DE JANEIRO - RJ3 | B40: Divisão Penha Circular - RJ3 | C40: REGIONAL NORDESTE VI | D40: Divisão Paço do Lumiar - MA | E40: REGIONAL LITORAL NORTE - SC | I40: REGIONAL VALE DO PARAÍBA III - SP | K40: REGIONAL CIRCUITO DAS ÁGUAS - SP | L40: Divisão Amparo - SP | O40: REGIONAL SP13 | P40: Divisão Centro - SP13 | Q40: REGIONAL TOCANTINS | R40: Divisão Gurupi Sul - TO
A41: REGIONAL RIO DE JANEIRO - RJ3 | B41: Divisão Piedade - RJ3 | C41: REGIONAL NORDESTE VI | D41: Divisão Santa Inês - MA | E41: REGIONAL LITORAL NORTE - SC | F41: Divisão São Francisco do Sul - SC | I41: REGIONAL VALE DO PARAÍBA III - SP | J41: Divisão Jacareí Centro - SP | K41: REGIONAL CIRCUITO DAS ÁGUAS - SP | L41: Divisao Serra Negra - SP | M41: REGIONAL ARAÇATUBA | O41: REGIONAL SP13 | P41: Divisão Extremo Leste - SP13 | Q41: REGIONAL TOCANTINS | R41: Divisão Palmas - TO
A42: REGIONAL RIO DE JANEIRO - RJ3 | B42: Divisão Pavuna - RJ3 | C42: REGIONAL NORDESTE VI | D42: Divisão São José de Ribamar - MA | E42: REGIONAL LITORAL NORTE - SC | F42: Divisão Joinville - SC | I42: REGIONAL VALE DO PARAÍBA III - SP | J42: Divisão Jacareí Leste - SP | K42: REGIONAL CIRCUITO DAS ÁGUAS - SP | L42: Divisão Monte Alegre do Sul - SP | M42: REGIONAL ARAÇATUBA | N42: Divisão Birigui - SP | Q42: REGIONAL TOCANTINS | R42: Divisão Paraiso - TO
A43: REGIONAL RIO DE JANEIRO - RJ3 | B43: Divisão Vila Militar - RJ3 (Antiga X-Leste RJ2) | C43: REGIONAL NORDESTE VI | D43: Divisão São Luis - MA | E43: REGIONAL LITORAL NORTE - SC | F43: Divisão Joinville Norte - SC | I43: REGIONAL VALE DO PARAÍBA III - SP | J43: Divisão Jacareí Norte - SP | K43: REGIONAL CIRCUITO DAS ÁGUAS - SP | L43: Divisão Monte Sião - MG | M43: REGIONAL ARAÇATUBA | N43: Divisão Araçatuba - SP | O43: REGIONAL SP18 | Q43: REGIONAL TOCANTINS | R43: Divisão Gurupi Norte - TO
C44: REGIONAL NORDESTE VI | D44: Divisão Raposa - MA | E44: REGIONAL LITORAL NORTE - SC | F44: Divisao Itapoá - SC | I44: REGIONAL VALE DO PARAÍBA III - SP | J44: Divisão Jacareí Oeste - SP | M44: REGIONAL ARAÇATUBA | N44: Divisão Valparaiso - SP | O44: REGIONAL SP18 | P44: Divisão Leste - SP18
A45: REGIONAL RIO DE JANEIRO - RJ4 | C45: REGIONAL NORDESTE VI | D45: Divisão Agreste - AL | E45: REGIONAL LITORAL NORTE - SC | F45: Divisão Araquari - SC | I45: REGIONAL VALE DO PARAÍBA III - SP | J45: Divisão Jacareí Sul - SP | K45: REGIONAL MOCOCA - SP | M45: REGIONAL ARAÇATUBA | N45: Divisão Penápolis - SP | O45: REGIONAL SP18 | P45: Divisão Norte - SP18
A46: REGIONAL RIO DE JANEIRO - RJ4 | B46: Divisão Oeste - RJ4 (Antiga Oeste RJ3) | C46: REGIONAL NORDESTE VI | D46: Divisão Balsas - MA | E46: REGIONAL LITORAL NORTE - SC | F46: Divisão Joinville Leste - SC | I46: REGIONAL VALE DO PARAÍBA III - SP | J46: Divisão Santa Branca - SP | K46: REGIONAL MOCOCA - SP | L46: Divisão Mococa - SP | M46: REGIONAL ARAÇATUBA | N46: Divisão Piacatu - SP | O46: REGIONAL SP18 | P46: Divisão Oeste - SP18
A47: REGIONAL RIO DE JANEIRO - RJ4 | B47: Divisão Litoral Sul - RJ4 (Antiga Litoral Sul RJ3) | E47: REGIONAL LITORAL NORTE - SC | F47: Divisao Itapoá Norte - SC | I47: REGIONAL VALE DO PARAÍBA III - SP | J47: Divisão Jacareí Extremo Sul - SP | K47: REGIONAL MOCOCA - SP | L47: Divisão São José do Rio Pardo - SP | M47: REGIONAL ARAÇATUBA | N47: Divisão Luiziânia - SP | O47: REGIONAL SP18 | P47: Divisão Sul - SP18
A48: REGIONAL RIO DE JANEIRO - RJ4 | B48: Divisão Gardênia - RJ4 (Antiga Gardênia RJ3) | C48: REGIONAL NORDESTE X | E48: REGIONAL LITORAL NORTE - SC | F48: Divisão Garuva - SC | K48: REGIONAL MOCOCA - SP | L48: Divisao Casa Branca - SP | M48: REGIONAL ARAÇATUBA | N48: Divisão Buritama - SP | O48: REGIONAL SP18 | P48: Divisão Extremo Norte - SP18
A49: REGIONAL RIO DE JANEIRO - RJ4 | B49: Divisão Barra - RJ4 (Antiga Sul RJ3) | C49: REGIONAL NORDESTE X | D49: Divisão Paracuru - CE (Antiga Litoral Oeste) | K49: REGIONAL MOCOCA - SP | L49: Divisão São Sebastião da Grama - SP | M49: REGIONAL ARAÇATUBA | N49: Divisão Guararapes - SP | O49: REGIONAL SP18 | P49: Divisão Extremo Sul - SP18
A50: REGIONAL RIO DE JANEIRO - RJ4 | B50: Divisão Taquara - RJ4 (Antiga Taquara RJ3) | C50: REGIONAL NORDESTE X | D50: Divisão Trairi - CE | E50: REGIONAL VALE EUROPEU - SC | K50: REGIONAL MOCOCA - SP | L50: Divisão Caconde - SP | M50: REGIONAL ARAÇATUBA | N50: Divisão Coroados - SP | O50: REGIONAL SP18 | P50: Divisão Extremo Leste - SP18
A51: REGIONAL RIO DE JANEIRO - RJ4 | B51: Divisão Curicica - RJ4 (Antiga Leste RJ3) | C51: REGIONAL NORDESTE X | D51: Divisão Itapipoca - CE | E51: REGIONAL VALE EUROPEU - SC | F51: Divisão Alto Vale - SC | K51: REGIONAL MOCOCA - SP | L51: Divisão Tapiratiba - SP | O51: REGIONAL SP18 | P51: Divisão Extremo Oeste - SP18
C52: REGIONAL NORDESTE X | D52: Divisão São Gonçalo do Amarante - CE | E52: REGIONAL VALE EUROPEU - SC | F52: Divisão Indaial - SC | M52: REGIONAL VOTUPORANGA - SP
C53: REGIONAL NORDESTE X | D53: Divisão Caucaia - CE | E53: REGIONAL VALE EUROPEU - SC | F53: Divisão Blumenau - SC | M53: REGIONAL VOTUPORANGA - SP | N53: Divisão Votuporanga - SP | O53: REGIONAL SP19
M54: REGIONAL VOTUPORANGA - SP | N54: Divisao Fernandópolis - SP | O54: REGIONAL SP19 | P54: Divisão Norte - SP19
C55: REGIONAL PIAUÍ SUL - PI | E55: REGIONAL LITORAL LESTE - SC | M55: REGIONAL VOTUPORANGA - SP | N55: Divisão Iturama - MG | O55: REGIONAL SP19 | P55: Divisão Sul - SP19
C56: REGIONAL PIAUÍ SUL - PI | D56: Divisão Uruçuí - PI | E56: REGIONAL LITORAL LESTE - SC | F56: Divisão Camboriú Sul - SC | M56: REGIONAL VOTUPORANGA - SP | N56: Divisão Santa Fé do Sul - SP | O56: REGIONAL SP19 | P56: Divisão Leste - SP19
C57: REGIONAL PIAUÍ SUL - PI | D57: Divisão Bom Jesus - PI | E57: REGIONAL LITORAL LESTE - SC | F57: Divisão Balneário Camboriú Sul - SC | M57: REGIONAL VOTUPORANGA - SP | N57: Divisão Três Fronteiras - SP | O57: REGIONAL SP19 | P57: Divisão Extremo Sul - SP19
C58: REGIONAL PIAUÍ SUL - PI | D58: Divisão Cristino Castro - PI | E58: REGIONAL LITORAL LESTE - SC | F58: Divisão Camboriú - SC | O58: REGIONAL SP19 | P58: Divisão Oeste - SP19
C59: REGIONAL PIAUÍ SUL - PI | D59: Divisão Palmeira do Piauí - PI | E59: REGIONAL LITORAL LESTE - SC | F59: Divisão Balneário Camboriú - SC
C60: REGIONAL PIAUÍ SUL - PI | D60: Divisão Canto do Buriti - PI | E60: REGIONAL LITORAL LESTE - SC | F60: Divisão Brusque - SC | O60: REGIONAL SP20
O61: REGIONAL SP20 | P61: Divisão Norte - SP20
C62: REGIONAL PARAÍBA - PB | O62: REGIONAL SP20 | P62: Divisão Leste - SP20
C63: REGIONAL PARAÍBA - PB | D63: Divisão Alto Oeste - RN | O63: REGIONAL SP20 | P63: Divisão Oeste - SP20
C64: REGIONAL PARAÍBA - PB | D64: Divisão João Pessoa - PB
C65: REGIONAL PARAÍBA - PB | D65: Divisão Conde - PB | O65: REGIONAL SP21
C66: REGIONAL PARAÍBA - PB | D66: Divisão Santa Rita - PB | O66: REGIONAL SP21 | P66: Divisão Norte - SP21
C67: REGIONAL PARAÍBA - PB | D67: Divisão Monteiro - PB | O67: REGIONAL SP21 | P67: Divisão Sul - SP21
O68: REGIONAL SP21 | P68: Divisão Leste - SP21
O69: REGIONAL SP21 | P69: Divisão Oeste - SP21
O71: REGIONAL SP22
O72: REGIONAL SP22 | P72: Divisão Norte - SP22
O73: REGIONAL SP22 | P73: Divisão Sul - SP22
O74: REGIONAL SP22 | P74: Divisão Leste - SP22
O76: REGIONAL SP23
O77: REGIONAL SP23 | P77: Divisão Sul - SP23 (Antiga Sul SP13)
O78: REGIONAL SP23 | P78: Divisão Norte - SP23
O80: REGIONAL SP25
O81: REGIONAL SP25 | P81: Divisão Leste - SP25 (Antiga Leste SP5)
O82: REGIONAL SP25 | P82: Divisão Sul - SP25
O83: REGIONAL SP25 | P83: Divisão Norte - SP25
O84: REGIONAL SP25 | P84: Divisão Oeste - SP25
O86: REGIONAL SP26
O87: REGIONAL SP26 | P87: Divisão Sul - SP26 (Antiga Sul SP20)
O88: REGIONAL SP26 | P88: Divisão Norte - SP26
A98: 11 ao 20 >>>
A99: Comando Regional XI | C99: Comando Regional XII | E99: Comando Regional XIII | G99: Comando Regional XIV | I99: Comando Regional XV | K99: Comando Regional XVI | M99: Comando Regional XVII | O99: Comando Regional XVIII | Q99: Comando Regional XIX | S99: Comando Regional XX
A100: REGIONAL ABC1 | C100: REGIONAL BELO HORIZONTE | E100: REGIONAL CHAPECÓ | G100: REGIONAL SOROCABA | I100: REGIONAL JUNDIAÍ I | K100: REGIONAL CURITIBA I SUL - PR | M100: REGIONAL CAMPOS DOS GOYTACAZES - RJ | O100: REGIONAL CAMPO GRANDE - MS | Q100: REGIONAL ARAXÁ - MG | S100: REGIONAL ALTO DO TIETÊ 1
A101: REGIONAL ABC1 | B101: Divisão Riacho Grande - SP | C101: REGIONAL BELO HORIZONTE | D101: Divisao Belo Horizonte - MG | E101: REGIONAL CHAPECÓ | F101: Divisão Chapecó - SC | G101: REGIONAL SOROCABA | H101: Divisão Sorocaba Centro - SP | I101: REGIONAL JUNDIAÍ I | J101: Divisão Jundiaí I Extremo Oeste - SP | K101: REGIONAL CURITIBA I SUL - PR | L101: Divisão Curitiba Extremo Sul - PR | M101: REGIONAL CAMPOS DOS GOYTACAZES - RJ | N101: Divisão Bom Jesus do Itabapoana - RJ | O101: REGIONAL CAMPO GRANDE - MS | P101: Divisão Aquidauana - MS | Q101: REGIONAL ARAXÁ - MG | R101: Divisão Ibiá - MG | S101: REGIONAL ALTO DO TIETÊ 1 | T101: Divisão Ferraz de Vasconcelos - SP
A102: REGIONAL ABC1 | B102: Divisão São Bernardo do Campo Norte - SP | C102: REGIONAL BELO HORIZONTE | D102: Divisão Betim - MG | E102: REGIONAL CHAPECÓ | F102: Divisão Ponte Serrada - SC | G102: REGIONAL SOROCABA | H102: Divisão Sorocaba Norte - SP | I102: REGIONAL JUNDIAÍ I | J102: Divisão Jundiaí I Leste - SP | K102: REGIONAL CURITIBA I SUL - PR | L102: Divisão Curitiba Leste - PR | M102: REGIONAL CAMPOS DOS GOYTACAZES - RJ | N102: Divisao Campos Dos Goytacazes - RJ | O102: REGIONAL CAMPO GRANDE - MS | P102: Divisão Campo Grande Centro - MS | Q102: REGIONAL ARAXÁ - MG | R102: Divisão Patrocinio - MG | S102: REGIONAL ALTO DO TIETÊ 1 | T102: Divisão Poá - SP
A103: REGIONAL ABC1 | B103: Divisão São Bernardo do Campo Sul - SP | C103: REGIONAL BELO HORIZONTE | D103: Divisao Belo Horizonte Norte - MG | E103: REGIONAL CHAPECÓ | F103: Divisão Xanxerê - SC | G103: REGIONAL SOROCABA | H103: Divisão Sorocaba Oeste - SP | I103: REGIONAL JUNDIAÍ I | J103: Divisão Jundiaí I Oeste - SP | K103: REGIONAL CURITIBA I SUL - PR | L103: Divisão Curitiba Sul - PR | M103: REGIONAL CAMPOS DOS GOYTACAZES - RJ | N103: Divisão Itaperuna - RJ | O103: REGIONAL CAMPO GRANDE - MS | P103: Divisão Campo Grande Leste - MS | Q103: REGIONAL ARAXÁ - MG | R103: Divisão Rio Paranaíba - MG | S103: REGIONAL ALTO DO TIETÊ 1 | T103: Divisão Suzano - SP
A104: REGIONAL ABC1 | B104: Divisão São Bernardo do Campo Oeste - SP | C104: REGIONAL BELO HORIZONTE | D104: Divisão Igarapé - MG | E104: REGIONAL CHAPECÓ | F104: Divisão Oeste Catarinense - SC | G104: REGIONAL SOROCABA | H104: Divisão Votorantim - SP | I104: REGIONAL JUNDIAÍ I | J104: Divisão Jundiaí I Extremo Leste - SP | K104: REGIONAL CURITIBA I SUL - PR | L104: Divisão São José dos Pinhais Norte - PR | M104: REGIONAL CAMPOS DOS GOYTACAZES - RJ | N104: Divisão Macaé - RJ | O104: REGIONAL CAMPO GRANDE - MS | P104: Divisão Campo Grande Norte - MS | Q104: REGIONAL ARAXÁ - MG | R104: Divisão Pratinha - MG | S104: REGIONAL ALTO DO TIETÊ 1 | T104: Divisão Ferraz de Vasconcelos Sul - SP
A105: REGIONAL ABC1 | B105: Divisão São Bernardo do Centro - SP | C105: REGIONAL BELO HORIZONTE | D105: Divisão Ibirité - MG | E105: REGIONAL CHAPECÓ | F105: Divisão Norte Gaúcho - SC | G105: REGIONAL SOROCABA | H105: Divisão Sorocaba Sul - SP | I105: REGIONAL JUNDIAÍ I | J105: Divisão Jundiaí I Oeste 2 - SP | K105: REGIONAL CURITIBA I SUL - PR | L105: Divisão São José dos Pinhais Sul - PR | M105: REGIONAL CAMPOS DOS GOYTACAZES - RJ | N105: Divisão São Fidelis - RJ | O105: REGIONAL CAMPO GRANDE - MS | P105: Divisão Campo Grande Oeste - MS | Q105: REGIONAL ARAXÁ - MG | R105: Divisão Araxá Sul - MG | S105: REGIONAL ALTO DO TIETÊ 1 | T105: Divisão Poá Sul - SP
A106: REGIONAL ABC1 | B106: Divisão São Bernardo do Campo Leste - SP | C106: REGIONAL BELO HORIZONTE | D106: Divisão Betim Leste - MG | E106: REGIONAL CHAPECÓ | F106: Divisão São Lourenço do Oeste - SC | G106: REGIONAL SOROCABA | H106: Divisão Aparecidinha - SP | I106: REGIONAL JUNDIAÍ I | J106: Divisão Jundiaí I Noroeste - SP | K106: REGIONAL CURITIBA I SUL - PR | L106: Divisão Curitiba Norte - PR | M106: REGIONAL CAMPOS DOS GOYTACAZES - RJ | N106: Divisão São Francisco de Itabapoana - RJ | O106: REGIONAL CAMPO GRANDE - MS | P106: Divisão Campo Grande Sul - MS | Q106: REGIONAL ARAXÁ - MG | R106: Divisão Araxá Norte - MG | S106: REGIONAL ALTO DO TIETÊ 1 | T106: Divisão Suzano Sul - SP
A107: REGIONAL ABC1 | B107: Divisão São Bernardo do Campo Extremo Norte - SP | E107: REGIONAL CHAPECÓ | F107: Divisão Passo Fundo - SC | G107: REGIONAL SOROCABA | H107: Divisão Éden - SP | I107: REGIONAL JUNDIAÍ I | J107: Divisão Jundiaí I Centro Leste - SP | K107: REGIONAL CURITIBA I SUL - PR | L107: Divisão Curitiba Oeste - PR | M107: REGIONAL CAMPOS DOS GOYTACAZES - RJ | N107: Divisão São João da Barra - RJ | O107: REGIONAL CAMPO GRANDE - MS | P107: Divisão Sidrolândia - MS | Q107: REGIONAL ARAXÁ - MG | R107: Divisão Sacramento - MG
C108: REGIONAL NORTE DE MINAS - MG | G108: REGIONAL SOROCABA | H108: Divisão Votorantim Leste - SP | K108: REGIONAL CURITIBA I SUL - PR | L108: Divisão São José dos Pinhais Leste - PR | M108: REGIONAL CAMPOS DOS GOYTACAZES - RJ | N108: Divisão Italva - RJ | O108: REGIONAL CAMPO GRANDE - MS | P108: Divisão Campo Grande - MS | S108: REGIONAL ALTO DO TIETÊ 2
A109: REGIONAL ABC2 | C109: REGIONAL NORTE DE MINAS - MG | D109: Divisão Curvelo Centro - MG | E109: REGIONAL CONCÓRDIA - SC | G109: REGIONAL SOROCABA | H109: Divisão Brigadeiro Tobias - SP | I109: REGIONAL JUNDIAÍ II | K109: REGIONAL CURITIBA I SUL - PR | L109: Divisão São José dos Pinhais Oeste - PR | M109: REGIONAL CAMPOS DOS GOYTACAZES - RJ | N109: Divisão Pádua - RJ | O109: REGIONAL CAMPO GRANDE - MS | P109: Divisão Maracaju - MS | Q109: REGIONAL PATOS DE MINAS - MG | S109: REGIONAL ALTO DO TIETÊ 2 | T109: Divisão Biritiba Mirim - SP
A110: REGIONAL ABC2 | B110: Divisão Santo André Centro - SP | C110: REGIONAL NORTE DE MINAS - MG | D110: Divisão Curvelo Sul - MG | E110: REGIONAL CONCÓRDIA - SC | F110: Divisão Caçador - SC | G110: REGIONAL SOROCABA | H110: Divisão Sorocaba Leste - SP | I110: REGIONAL JUNDIAÍ II | J110: Divisão Jundiaí II Centro Oeste - SP (Antiga Centro) | K110: REGIONAL CURITIBA I SUL - PR | L110: Divisão Campina Grande do Sul - PR | M110: REGIONAL CAMPOS DOS GOYTACAZES - RJ | N110: Divisão Farol de São Tomé - RJ | O110: REGIONAL CAMPO GRANDE - MS | P110: Divisão São Gabriel do Oeste - MS | Q110: REGIONAL PATOS DE MINAS - MG | R110: Divisão João Pinheiro - MG | S110: REGIONAL ALTO DO TIETÊ 2 | T110: Divisão Guararema - SP
A111: REGIONAL ABC2 | B111: Divisão Santo André Sul - SP | C111: REGIONAL NORTE DE MINAS - MG | D111: Divisão Montes Claros - MG | E111: REGIONAL CONCÓRDIA - SC | F111: Divisão Concórdia - SC | I111: REGIONAL JUNDIAI II | J111: Divisao Jundiaí II Norte - SP | K111: REGIONAL CURITIBA I SUL - PR | L111: Divisão Barro Preto - PR | M111: REGIONAL CAMPOS DOS GOYTACAZES - RJ | N111: Divisão Itaperuna Sul - RJ | O111: REGIONAL CAMPO GRANDE - MS | P111: Divisão Ribas do Rio Pardo - MS | Q111: REGIONAL PATOS DE MINAS - MG | R111: Divisão Patos de Minas - MG | S111: REGIONAL ALTO DO TIETÊ 2 | T111: Divisão Mogi das Cruzes Centro - SP
A112: REGIONAL ABC2 | B112: Divisão Santo André Extremo Norte - SP | C112: REGIONAL NORTE DE MINAS - MG | D112: Divisão Pirapora - MG | E112: REGIONAL CONCÓRDIA - SC | F112: Divisão Videira - SC | G112: REGIONAL ITU - SP | I112: REGIONAL JUNDIAÍ II | J112: Divisão Jundiaí II Sul - SP | K112: REGIONAL CURITIBA I SUL - PR | L112: Divisão Tijucas do Sul - PR | M112: REGIONAL CAMPOS DOS GOYTACAZES - RJ | N112: Divisão Miracema - RJ | Q112: REGIONAL PATOS DE MINAS - MG | R112: Divisão Presidente Olegário - MG | S112: REGIONAL ALTO DO TIETÊ 2 | T112: Divisão Sabaúna - SP
A113: REGIONAL ABC2 | B113: Divisão Santo André Extremo Sul - SP | C113: REGIONAL NORTE DE MINAS - MG | D113: Divisão Sete Lagoas - MG | E113: REGIONAL CONCÓRDIA - SC | F113: Divisão Seara - SC | G113: REGIONAL ITU - SP | H113: Divisão Itú - SP | I113: REGIONAL JUNDIAÍ II | J113: Divisão Jundiaí II Extremo Sul - SP | K113: REGIONAL CURITIBA I SUL - PR | L113: Divisão Extremo Sul - PR | M113: REGIONAL CAMPOS DOS GOYTACAZES - RJ | N113: Divisão Porciúncula - RJ | O113: REGIONAL DOURADOS - MS | Q113: REGIONAL PATOS DE MINAS - MG | R113: Divisão Varjão de Minas - MG | S113: REGIONAL ALTO DO TIETÊ 2 | T113: Divisão Mogi das Cruzes Sul - SP
...

Sheet CMD I
A1: VOLTAR
A2: Comando Regional I | E2: *CMD REGIONAL I*
A3: REGIONAL RIO DE JANEIRO - RJ1 | E3: =CAPA!B6 -> Representante: Alex
A4: REGIONAL RIO DE JANEIRO - RJ1 | B4: Divisão Centro - RJ1 | E4: =CAPA!B7 -> Cmd Brasil: Borges
A5: REGIONAL RIO DE JANEIRO - RJ1 | B5: Divisão Penha - RJ1 (Antiga X-Leste) | E5: =CAPA!B8 -> Disciplina: Machete
A6: REGIONAL RIO DE JANEIRO - RJ1 | B6: Divisão Ilha do Governador - RJ1 | E6: =CAPA!B9 -> Inteligência: Daniel
A7: REGIONAL RIO DE JANEIRO - RJ1 | B7: Divisão Bonsucesso - RJ1 (Antiga Leste) | E7: =CAPA!B10 -> Adm Cmd:
A8: REGIONAL RIO DE JANEIRO - RJ1 | B8: Divisão Tijuca - RJ1 (Antiga Sul) | E8: =CAPA!B11 -> Expansão: Tibão / Marmita
A9: REGIONAL RIO DE JANEIRO - RJ1 | B9: Divisão Copacabana - RJ1 (Antiga Zona Sul) | E9: =CAPA!B12 -> Comunicação: Barney
A10: REGIONAL RIO DE JANEIRO - RJ1 | B10: Divisão Méier - RJ1 | E10: =CAPA!B13 -> Operacional: Eric
A11: REGIONAL RIO DE JANEIRO - RJ1 | B11: Divisão Maracanã - RJ1 | E11: =CAPA!B14 -> Armas: Zimermam
A12: REGIONAL RIO DE JANEIRO - RJ1 | B12: Divisão Suburbana - RJ1
A13: REGIONAL RIO DE JANEIRO - RJ1 | B13: Divisão Cachambi - RJ1
A14: REGIONAL RIO DE JANEIRO - RJ1 | B14: Divisão Galeão - RJ1
A15: REGIONAL RIO DE JANEIRO - RJ1 | B15: Divisão Leblon - RJ1
A16: REGIONAL RIO DE JANEIRO - RJ1 | B16: Divisão Ribeira - RJ1
A17: REGIONAL RIO DE JANEIRO - RJ1 | B17: Divisão Imperial - RJ1
A19: REGIONAL RIO DE JANEIRO - RJ2
A20: REGIONAL RIO DE JANEIRO - RJ2 | B20: Divisão Rio do A - RJ2 (Antiga Centro Oeste)
A21: REGIONAL RIO DE JANEIRO - RJ2 | B21: Divisão Medanha - RJ2 (Antiga X-Oeste)
A22: REGIONAL RIO DE JANEIRO - RJ2 | B22: Divisão Guaratiba - RJ2 (Antiga X-Sul)
A23: REGIONAL RIO DE JANEIRO - RJ2 | B23: Divisão Paciência- RJ2 (Antiga Litoral Oeste)
A24: REGIONAL RIO DE JANEIRO - RJ2 | B24: Divisão Rio da Prata - RJ2 (Antiga Norte)
A25: REGIONAL RIO DE JANEIRO - RJ2 | B25: Divisão Bangú - RJ2
A26: REGIONAL RIO DE JANEIRO - RJ2 | B26: Divisão Mato Alto - RJ2
A27: REGIONAL RIO DE JANEIRO - RJ2 | B27: Divisão Inhoaíba - RJ2
A28: REGIONAL RIO DE JANEIRO - RJ2 | B28: Divisão Padre Miguel - RJ2
A29: REGIONAL RIO DE JANEIRO - RJ2 | B29: Divisão Campo Grande - RJ2
A30: REGIONAL RIO DE JANEIRO - RJ2 | B30: Divisão Barra de Guaratiba - RJ2
A31: REGIONAL RIO DE JANEIRO - RJ2 | B31: Divisão Magalhães Bastos - RJ2
A32: REGIONAL RIO DE JANEIRO - RJ2 | B32: Divisão Campinho - RJ2
A34: REGIONAL RIO DE JANEIRO - RJ3
A35: REGIONAL RIO DE JANEIRO - RJ3 | B35: Divisão Vila Valqueire - RJ3 (Antiga X-Norte)
A36: REGIONAL RIO DE JANEIRO - RJ3 | B36: Divisão Inhaúma - RJ3 (Antiga Norte)
A37: REGIONAL RIO DE JANEIRO - RJ3 | B37: Divisão Madureira -RJ3
A38: REGIONAL RIO DE JANEIRO - RJ3 | B38: Divisão Irajá - RJ3
A39: REGIONAL RIO DE JANEIRO - RJ3 | B39: Divisão Sulacap - RJ3
A40: REGIONAL RIO DE JANEIRO - RJ3 | B40: Divisão Penha Circular - RJ3
A41: REGIONAL RIO DE JANEIRO - RJ3 | B41: Divisão Piedade - RJ3
A42: REGIONAL RIO DE JANEIRO - RJ3 | B42: Divisão Pavuna - RJ3
A43: REGIONAL RIO DE JANEIRO - RJ3 | B43: Divisão Vila Militar - RJ3 (Antiga X-Leste RJ2)
A45: REGIONAL RIO DE JANEIRO - RJ4
A46: REGIONAL RIO DE JANEIRO - RJ4 | B46: Divisão Oeste - RJ4 (Antiga Oeste RJ3)
A47: REGIONAL RIO DE JANEIRO - RJ4 | B47: Divisão Litoral Sul - RJ4 (Antiga Litoral Sul RJ3)
A48: REGIONAL RIO DE JANEIRO - RJ4 | B48: Divisão Gardênia - RJ4 (Antiga Gardênia RJ3)
A49: REGIONAL RIO DE JANEIRO - RJ4 | B49: Divisão Barra - RJ4 (Antiga Sul RJ3)
A50: REGIONAL RIO DE JANEIRO - RJ4 | B50: Divisão Taquara - RJ4 (Antiga Taquara RJ3)
A51: REGIONAL RIO DE JANEIRO - RJ4 | B51: Divisão Curicica - RJ4 (Antiga Leste RJ3)

Sheet CMD II
A1: VOLTAR
A2: Comando Regional II | D2: *CMD REGIONAL II*
A3: REGIONAL NORDESTE I | D3: =CAPA!C6 -> Mundial: Naruê
A4: REGIONAL NORDESTE I | B4: Divisão Ibiapina - CE | D4: =CAPA!C7 -> Cmd Brasil: Bardo
A5: REGIONAL NORDESTE I | B5: Divisão Monsenhor Tabosa - CE | D5: =CAPA!C8 -> Disciplina: Ching
A6: REGIONAL NORDESTE I | B6: Divisão Teresina - PI | D6: =CAPA!C9 -> Inteligência: Custódio
A7: REGIONAL NORDESTE I | B7: Divisão Tianguá - CE | D7: =CAPA!C10 -> Adm Cmd:
A8: REGIONAL NORDESTE I | B8: Divisão Parnaíba - PI | D8: =CAPA!C11 -> Expansão: Tibão / Diego
A9: REGIONAL NORDESTE I | B9: Divisão Sobral - CE | D9: =CAPA!C12 -> Comunicação: Barney
A10: REGIONAL NORDESTE I | B10: Divisão Jijoca - CE | D10: =CAPA!C13 -> Operacional: Roney / Invictus
D11: =CAPA!C14 -> Armas: Carcará
A12: REGIONAL NORDESTE II
A13: REGIONAL NORDESTE II | B13: Divisão Eusebio - CE
A14: REGIONAL NORDESTE II | B14: Divisão Fortaleza Centro - CE
A15: REGIONAL NORDESTE II | B15: Divisão Fortaleza Leste - CE
A16: REGIONAL NORDESTE II | B16: Divisão Fortaleza Oeste - CE
A17: REGIONAL NORDESTE II | B17: Divisão Litoral Leste - CE
A18: REGIONAL NORDESTE II | B18: Divisão Maracanaú - CE
A19: REGIONAL NORDESTE II | B19: Divisão Pacajus - CE
A20: REGIONAL NORDESTE II | B20: Divisão Vale do Jaguaribe - CE
A21: REGIONAL NORDESTE II | B21: Divisão Cariri - CE
A22: REGIONAL NORDESTE II | B22: Divisão Aquiraz - CE
A23: REGIONAL NORDESTE II | B23: Divisão Mauriti - CE
A24: REGIONAL NORDESTE II | B24: Divisão Fortaleza Sul - CE
... A27: REGIONAL NORDESTE II | B27: Divisão Campina Grande do Sul - PR
A29: REGIONAL NORDESTE III
A30: REGIONAL NORDESTE III | B30: Divisão Mossoró - RN
A31: REGIONAL NORDESTE III | B31: Divisão Natal - RN
A32: REGIONAL NORDESTE III | B32: Divisão Parnamirim - RN
A33: REGIONAL NORDESTE III | B33: Divisão Ceará-Mirim - RN
A34: REGIONAL NORDESTE III | B34: Divisão Seridó - RN
A35: REGIONAL NORDESTE III | B35: Divisão Campina Grande - PB
A36: REGIONAL NORDESTE III | B36: Divisão João Pessoa Norte - PB
A38: REGIONAL NORDESTE VI
A39: REGIONAL NORDESTE VI | B39: Divisão Barreirinhas - MA
A40: REGIONAL NORDESTE VI | B40: Divisão Paço do Lumiar - MA
A41: REGIONAL NORDESTE VI | B41: Divisão Santa Inês - MA
A42: REGIONAL NORDESTE VI | B42: Divisão São José de Ribamar - MA
A43: REGIONAL NORDESTE VI | B43: Divisão São Luis - MA
A44: REGIONAL NORDESTE VI | B44: Divisão Raposa - MA
A45: REGIONAL NORDESTE VI | B45: Divisão Agreste - AL
A46: REGIONAL NORDESTE VI | B46: Divisão Balsas - MA
A48: REGIONAL NORDESTE X
A49: REGIONAL NORDESTE X | B49: Divisão Paracuru - CE (Antiga Litoral Oeste)
A50: REGIONAL NORDESTE X | B50: Divisão Trairi - CE
A51: REGIONAL NORDESTE X | B51: Divisão Itapipoca - CE
A52: REGIONAL NORDESTE X | B52: Divisão São Gonçalo do Amarante - CE
A53: REGIONAL NORDESTE X | B53: Divisão Caucaia - CE
A55: REGIONAL PIAUÍ SUL - PI
A56: REGIONAL PIAUÍ SUL - PI | B56: Divisão Uruçuí - PI
A57: REGIONAL PIAUÍ SUL - PI | B57: Divisão Bom Jesus - PI
A58: REGIONAL PIAUÍ SUL - PI | B58: Divisão Cristino Castro - PI
A59: REGIONAL PIAUÍ SUL - PI | B59: Divisão Palmeira do Piauí - PI
A60: REGIONAL PIAUÍ SUL - PI | B60: Divisão Canto do Buriti - PI
A62: REGIONAL PARAÍBA - PB
A63: REGIONAL PARAÍBA - PB | B63: Divisão Alto Oeste - RN
A64: REGIONAL PARAÍBA - PB | B64: Divisão João Pessoa - PB
A65: REGIONAL PARAÍBA - PB | B65: Divisão Conde - PB
A66: REGIONAL PARAÍBA - PB | B66: Divisão Santa Rita - PB
A67: REGIONAL PARAÍBA - PB | B67: Divisão Monteiro - PB

Sheet CMD III
A1: VOLTAR
A2: Comando Regional III | D2: *CMD REGIONAL III*
A3: REGIONAL FLORIANOPOLIS | D3: =CAPA!D6 -> Representante: Véio
A4: REGIONAL FLORIANOPOLIS | B4: Divisão Criciúma - SC | D4: =CAPA!D7 -> Cmd Brasil: Bad
A5: REGIONAL FLORIANOPOLIS | B5: Divisão Florianopolis - SC | D5: =CAPA!D8 -> Disciplina: Cidão
A6: REGIONAL FLORIANOPOLIS | B6: Divisão Passo de Torres - SC | D6: =CAPA!D9 -> Inteligência: Fico
A7: REGIONAL FLORIANOPOLIS | B7: Divisão Tijucas - SC | D7: =CAPA!D10 -> Adm Cmd: Jonnhy
A8: REGIONAL FLORIANOPOLIS | B8: Divisão Tubarão - SC | D8: =CAPA!D11 -> Expansão: Tibão / Edinho
A9: REGIONAL FLORIANOPOLIS | B9: Divisão São José - SC | D9: =CAPA!D12 -> Comunicação: Cruvinel
A10: REGIONAL FLORIANOPOLIS | B10: Divisão Pachoça - SC | D10: =CAPA!D13 -> Operacional: Godoy / Machado
D11: =CAPA!D14 -> Armas: Gomes
A12: REGIONAL VALE DO ITAJAÍ - SC
A13: REGIONAL VALE DO ITAJAÍ - SC | B13: Divisão Barra Velha - SC
A14: REGIONAL VALE DO ITAJAÍ - SC | B14: Divisao Itajaí - SC
A15: REGIONAL VALE DO ITAJAÍ - SC | B15: Divisão Navegantes - SC
A16: REGIONAL VALE DO ITAJAÍ - SC | B16: Divisão Penha - SC
A17: REGIONAL VALE DO ITAJAÍ - SC | B17: Divisao Itajaí Oeste - SC
A18: REGIONAL LITORAL NORTE - SC | B18: Divisão Balneário Piçarras - SC
A19: REGIONAL LITORAL NORTE - SC | B19: Divisao Ilhota - SC
A20: REGIONAL LITORAL NORTE - SC | B20: Divisão Presidente Getúlio - SC
A22: REGIONAL PLANALTO NORTE - SC
A23: REGIONAL PLANALTO NORTE - SC | B23: Divisão Canoinhas - SC
A24: REGIONAL PLANALTO NORTE - SC | B24: Divisão Guaramirim - SC
A25: REGIONAL PLANALTO NORTE - SC | B25: Divisão Jaraguá do Sul - SC
A26: REGIONAL PLANALTO NORTE - SC | B26: Divisao Rio Negrinho - SC
A27: REGIONAL PLANALTO NORTE - SC | B27: Divisão São Bento do Sul - SC
A28: REGIONAL PLANALTO NORTE - SC | B28: Divisão Schroeder - SC
A29: REGIONAL PLANALTO NORTE - SC | B29: Divisão Campo Alegre - SC
A30: REGIONAL PLANALTO NORTE - SC | B30: Divisão Mafra - SC
A31: REGIONAL PLANALTO NORTE - SC | B31: Divisão Corupá - SC
A32: REGIONAL PLANALTO NORTE - SC | B32: Divisão Porto União - SC
A33: REGIONAL PLANALTO NORTE - SC | B33: Divisão Rio Negrinho Norte - SC
A35: REGIONAL LITORAL SUL - SC
A36: REGIONAL LITORAL SUL - SC | B36: Divisão Itapema - SC
A37: REGIONAL LITORAL SUL - SC | B37: Divisão Bombinhas - SC
A38: REGIONAL LITORAL SUL - SC | B38: Divisão Porto Belo - SC
A40: REGIONAL LITORAL NORTE - SC
A41: REGIONAL LITORAL NORTE - SC | B41: Divisão São Francisco do Sul - SC
A42: REGIONAL LITORAL NORTE - SC | B42: Divisão Joinville - SC
A43: REGIONAL LITORAL NORTE - SC | B43: Divisão Joinville Norte - SC
A44: REGIONAL LITORAL NORTE - SC | B44: Divisao Itapoá - SC
A45: REGIONAL LITORAL NORTE - SC | B45: Divisão Araquari - SC
A46: REGIONAL LITORAL NORTE - SC | B46: Divisão Joinville Leste - SC
A47: REGIONAL LITORAL NORTE - SC | B47: Divisao Itapoá Norte - SC
A48: REGIONAL LITORAL NORTE - SC | B48: Divisão Garuva - SC
A50: REGIONAL VALE EUROPEU - SC
A51: REGIONAL VALE EUROPEU - SC | B51: Divisão Alto Vale - SC
A52: REGIONAL VALE EUROPEU - SC | B52: Divisão Indaial - SC
A53: REGIONAL VALE EUROPEU - SC | B53: Divisão Blumenau - SC
A55: REGIONAL LITORAL LESTE - SC
A56: REGIONAL LITORAL LESTE - SC | B56: Divisão Camboriú Sul - SC
A57: REGIONAL LITORAL LESTE - SC | B57: Divisão Balneário Camboriú Sul - SC
A58: REGIONAL LITORAL LESTE - SC | B58: Divisão Camboriú - SC
A59: REGIONAL LITORAL LESTE - SC | B59: Divisão Balneário Camboriú - SC
A60: REGIONAL LITORAL LESTE - SC | B60: Divisão Brusque - SC

Sheet CMD IV
A1: VOLTAR
A2: Comando Regional IV | D2: *CMD REGIONAL IV*
A3: REGIONAL MANAUS | D3: =CAPA!E6 -> Mundial: Diego
A4: REGIONAL MANAUS | B4: Divisao Iranduba - AM | D4: =CAPA!E7 -> Cmd Regional: Marcio
A5: REGIONAL MANAUS | B5: Divisão Itacoatiara - AM | D5: =CAPA!E8 -> Disciplina: Machete
A6: REGIONAL MANAUS | B6: Divisão Itapiranga - AM | D6: =CAPA!E9 -> Inteligência: Custódio
A7: REGIONAL MANAUS | B7: Divisao Manaus Centro - AM | D7: =CAPA!E10 -> Adm Cmd:
A8: REGIONAL MANAUS | B8: Divisao Manaus Leste - AM | D8: =CAPA!E11 -> Expansão: Tibão / Kracoldo
A9: REGIONAL MANAUS | B9: Divisao Manaus Norte - AM | D9: =CAPA!E12 -> Comunicação: Barney
A10: REGIONAL MANAUS | B10: Divisao Manaus Sul - AM | D10: =CAPA!E13 -> Operacional: Ted / Alemão / Mão
A11: REGIONAL MANAUS | B11: Divisao Manaus Oeste - AM | D11: =CAPA!E14 -> Armas: Giordane
A12: REGIONAL MANAUS | B12: Divisão Presidente Figueiredo - AM
A13: REGIONAL MANAUS | B13: Divisão Manaus Sudeste - AM
A14: REGIONAL MANAUS | B14: Divisão Manacapuru - AM
A16: REGIONAL RORAIMA
A17: REGIONAL BOA VISTA | B17: Divisão Boa Vista Centro - RR
A18: REGIONAL BOA VISTA | B18: Divisão Boa Vista Leste - RR
A19: REGIONAL BOA VISTA | B19: Divisão Boa Vista Norte - RR
A20: REGIONAL BOA VISTA | B20: Divisão Boa Vista Oeste - RR
A21: REGIONAL BOA VISTA | B21: Divisão Boa Vista Sul - RR
A22: REGIONAL BOA VISTA | B22: Divisão Rorainópolis - RR
A23: REGIONAL BOA VISTA | B23: Divisão Rorainópolis II - RR
A25: REGIONAL ACRE
A26: REGIONAL ACRE | B26: Divisão Boca do Acre - AM
A27: REGIONAL ACRE | B27: Divisão Rio Branco - AC
A28: REGIONAL ACRE | B28: Divisão Cruzeiro do Sul - AC

Sheet CMD V
A1: VOLTAR
A2: Comando Regional V | D2: *CMD REGIONAL V*
A3: REGIONAL LITORAL NORTE - SP | D3: =CAPA!F6 -> Mundial: Naruê
A4: REGIONAL LITORAL NORTE - SP | B4: Divisão Caraguatatuba Norte - SP | D4: =CAPA!F7 -> Cmd Brasil: Acarlos
A5: REGIONAL LITORAL NORTE - SP | B5: Divisão Caraguatatuba Sul - SP | D5: =CAPA!F8 -> Disciplina: Ching
A6: REGIONAL LITORAL NORTE - SP | B6: Divisão Ilhabela - SP | D6: =CAPA!F9 -> Inteligência: Chaves
A7: REGIONAL LITORAL NORTE - SP | B7: Divisão São Sebastião Norte 1 - SP | D7: =CAPA!F10 -> Adm Cmd: Cabelo
A8: REGIONAL LITORAL NORTE - SP | B8: Divisão Ubatuba - SP | D8: =CAPA!F11 -> Expansão: Tibão / Noslek
A9: REGIONAL LITORAL NORTE - SP | B9: Divisão São Sebastião Sul - SP | D9: =CAPA!F12 -> Comunicação: Chris Jr
A10: REGIONAL LITORAL NORTE - SP | B10: Divisão Caraguatatuba Centro - SP | D10: =CAPA!F13 -> Operacional: Roney / Tozão
A11: REGIONAL LITORAL NORTE - SP | B11: Divisão São Sebastião Centro - SP | D11: =CAPA!F14 -> Armas: Cembra
A12: REGIONAL LITORAL NORTE - SP | B12: Divisão São Sebastião Norte 2 - SP
A14: REGIONAL VALE DO PARAÍBA I - SP
A15: REGIONAL VALE DO PARAÍBA I - SP | B15: Divisão Caçapava - SP
A16: REGIONAL VALE DO PARAÍBA I - SP | B16: Divisão São José dos Campos Centro - SP
A17: REGIONAL VALE DO PARAÍBA I - SP | B17: Divisão São José dos Campos Leste - SP
A18: REGIONAL VALE DO PARAÍBA I - SP | B18: Divisão São José dos Campos Norte - SP
A19: REGIONAL VALE DO PARAÍBA I - SP | B19: Divisão São José dos Campos Oeste - SP
A20: REGIONAL VALE DO PARAÍBA I - SP | B20: Divisão São José dos Campos Sul - SP
A21: REGIONAL VALE DO PARAÍBA I - SP | B21: Divisão SJC Extremo Norte - SP
A22: REGIONAL VALE DO PARAÍBA I - SP | B22: Divisão SJC Extremo Sul - SP
A23: REGIONAL VALE DO PARAÍBA I - SP | B23: Divisão SJC Extremo Leste - SP
A24: REGIONAL VALE DO PARAÍBA I - SP | B24: Divisão Paraibuna - SP
A25: REGIONAL VALE DO PARAÍBA I - SP | B25: Divisão Caçapava II - SP
A27: REGIONAL VALE DO PARAÍBA II - SP
A28: REGIONAL VALE DO PARAÍBA II - SP | B28: Divisão Guaratinguetá - SP
A29: REGIONAL VALE DO PARAÍBA II - SP | B29: Divisão Pindamonhangaba - SP
A30: REGIONAL VALE DO PARAÍBA II - SP | B30: Divisão Taubaté - SP
A31: REGIONAL VALE DO PARAÍBA II - SP | B31: Divisão Tremembé - SP
A32: REGIONAL VALE DO PARAÍBA II - SP | B32: Divisão Redenção da Serra - SP
A33: REGIONAL VALE DO PARAÍBA II - SP | B33: Divisão Moreira César - SP
A34: REGIONAL VALE DO PARAÍBA II - SP | B34: Divisão Santo Antônio do Pinhal - SP
A35: REGIONAL VALE DO PARAÍBA II - SP | B35: Divisão Pindamonhangaba II - SP
A36: REGIONAL VALE DO PARAÍBA II - SP | B36: Divisão Pindamonhangaba III - SP
A37: REGIONAL VALE DO PARAÍBA II - SP | B37: Divisão Taubaté II - SP
A38: REGIONAL VALE DO PARAÍBA II - SP | B38: Divisão Campos do Jordão - SP
A40: REGIONAL VALE DO PARAÍBA III - SP
A41: REGIONAL VALE DO PARAÍBA III - SP | B41: Divisão Jacareí Centro - SP
A42: REGIONAL VALE DO PARAÍBA III - SP | B42: Divisão Jacareí Leste - SP
A43: REGIONAL VALE DO PARAÍBA III - SP | B43: Divisão Jacareí Norte - SP
A44: REGIONAL VALE DO PARAÍBA III - SP | B44: Divisão Jacareí Oeste - SP
A45: REGIONAL VALE DO PARAÍBA III - SP | B45: Divisão Jacareí Sul - SP
A46: REGIONAL VALE DO PARAÍBA III - SP | B46: Divisão Santa Branca - SP
A47: REGIONAL VALE DO PARAÍBA III - SP | B47: Divisão Jacareí Extremo Sul - SP

Sheet CMD VI
A1: VOLTAR
A2: Comando Regional VI | D2: *CMD REGIONAL VI*
A3: REGIONAL BRAGANÇA | D3: =CAPA!B16 -> Mundial: Kefir
A4: REGIONAL BRAGANÇA | B4: Divisão Atibaia Centro - SP | D4: =CAPA!B17 -> Cmd Brasil: JJ
A5: REGIONAL BRAGANÇA | B5: Divisão Bragança Paulista Centro - SP | D5: =CAPA!B18 -> Disciplina: K
A6: REGIONAL BRAGANÇA | B6: Divisão Bragança Paulista Norte - SP | D6: =CAPA!B19 -> Inteligência: Dias
A7: REGIONAL BRAGANÇA | B7: Divisao Bragança Paulista Sul - SP | D7: =CAPA!B20 -> Adm Cmd: Brow
A8: REGIONAL BRAGANÇA | B8: Divisão Morungaba - SP | D8: =CAPA!B21 -> Expansão: Tibão / Kracoldo
A9: REGIONAL BRAGANÇA | B9: Divisão Pinhalzinho - SP | D9: =CAPA!B22 -> Comunicação: Barney
A10: REGIONAL BRAGANÇA | B10: Divisão Piracaia - SP | D10: =CAPA!B23 -> Operacional: Ted / Matheus
A11: REGIONAL BRAGANÇA | B11: Divisão Nazaré Paulista - SP | D11: =CAPA!B24 -> Armas: Montesinos
A12: REGIONAL BRAGANÇA | B12: Divisão Pedra Bela - SP
A13: REGIONAL BRAGANÇA | B13: Divisão Joanópolis - SP
A14: REGIONAL BRAGANÇA | B14: Divisao Bragança Paulista Leste - SP
A15: REGIONAL BRAGANÇA | B15: Divisão Atibaia Sul - SP
A16: REGIONAL BRAGANÇA | B16: Divisão Bom Jesus dos Perdões - SP
A17: REGIONAL BRAGANÇA | B17: Divisão Tuiuti - SP
A19: REGIONAL MOGIANA - SP
A20: REGIONAL MOGIANA - SP | B20: Divisão do Pinhal - SP
A21: REGIONAL MOGIANA - SP | B21: Divisão Itapira - SP
A22: REGIONAL MOGIANA - SP | B22: Divisão Jaguariúna - SP
A23: REGIONAL MOGIANA - SP | B23: Divisao Mogi Guaçu - SP
A24: REGIONAL MOGIANA - SP | B24: Divisao Mogi Mirim - SP
A25: REGIONAL MOGIANA - SP | B25: Divisao Pedreira - SP
A26: REGIONAL MOGIANA - SP | B26: Divisão Gerbi - SP
A27: REGIONAL MOGIANA - SP | B27: Divisão Itapira Sul - SP
A29: REGIONAL SÃO JOÃO DA BOA VISTA - SP
A30: REGIONAL SÃO JOÃO DA BOA VISTA - SP | B30: Divisão Poços de Caldas - MG
A31: REGIONAL SÃO JOÃO DA BOA VISTA - SP | B31: Divisao São Joao da Boa Vista - SP
A32: REGIONAL SÃO JOÃO DA BOA VISTA - SP | B32: Divisão Vargem Grande do Sul - SP
A33: REGIONAL SÃO JOÃO DA BOA VISTA - SP | B33: Divisão Águas da Prata - SP
A34: REGIONAL SÃO JOÃO DA BOA VISTA - SP | B34: Divisao Aguaí - SP
A36: REGIONAL CIRCUITO DAS ÁGUAS - SP
A37: REGIONAL CIRCUITO DAS ÁGUAS - SP | B37: Divisão Socorro - SP
A38: REGIONAL CIRCUITO DAS ÁGUAS - SP | B38: Divisao Águas de Lindóia - SP
A39: REGIONAL CIRCUITO DAS ÁGUAS - SP | B39: Divisão Lindóia - SP
A40: REGIONAL CIRCUITO DAS ÁGUAS - SP | B40: Divisão Amparo - SP
A41: REGIONAL CIRCUITO DAS ÁGUAS - SP | B41: Divisao Serra Negra - SP
A42: REGIONAL CIRCUITO DAS ÁGUAS - SP | B42: Divisão Monte Alegre do Sul - SP
A43: REGIONAL CIRCUITO DAS ÁGUAS - SP | B43: Divisão Monte Sião - MG
A45: REGIONAL MOCOCA - SP
A46: REGIONAL MOCOCA - SP | B46: Divisão Mococa - SP
A47: REGIONAL MOCOCA - SP | B47: Divisão São José do Rio Pardo - SP
A48: REGIONAL MOCOCA - SP | B48: Divisao Casa Branca - SP
A49: REGIONAL MOCOCA - SP | B49: Divisão São Sebastião da Grama - SP
A50: REGIONAL MOCOCA - SP | B50: Divisão Caconde - SP
A51: REGIONAL MOCOCA - SP | B51: Divisão Tapiratiba - SP

Sheet CMD VII
A1: VOLTAR
A2: Comando Regional VII | H2: *CMD REGIONAL VII*
A3: REGIONAL PRESIDENTE PRUDENTE | H3: =CAPA!C16 -> Mundial: Dabota
A4: REGIONAL PRESIDENTE PRUDENTE | B4: Divisão Dracena - SP | H4: =CAPA!C17 -> Cmd Brasil: Fiasch
A5: REGIONAL PRESIDENTE PRUDENTE | B5: Divisao Presidente Prudente - SP | H5: =CAPA!C18 -> Disciplina: Filipe
A6: REGIONAL PRESIDENTE PRUDENTE | B6: Divisao Presidente Venceslau - SP | H6: =CAPA!C19 -> Inteligência: Moreno
A7: REGIONAL PRESIDENTE PRUDENTE | B7: Divisao Tupi Paulista - SP | H7: =CAPA!C20 -> Adm Cmd: Mapola
A8: REGIONAL PRESIDENTE PRUDENTE | B8: Divisao Piraposinho- SP | H8: =CAPA!C21 -> Expansão: Tibão / Diego
A9: REGIONAL PRESIDENTE PRUDENTE | B9: Divisao Osvaldo Cruz - SP (Antiga Div. Bastos) | H9: =CAPA!C22 -> Comunicação: Chris Jr
A10: REGIONAL PRESIDENTE PRUDENTE | B10: Divisão Junqueirópolis - SP | H10: =CAPA!C23 -> Operacional: Ted / Sabion
A11: REGIONAL PRESIDENTE PRUDENTE | B11: Divisão Martinópolis - SP
A12: REGIONAL PRESIDENTE PRUDENTE | B12: Divisão Presidente Epitácio - SP
A14: REGIONAL SÃO JOSÉ DO RIO PRETO
A15: REGIONAL SÃO JOSÉ DO RIO PRETO | B15: Divisão Barretos - SP
A16: REGIONAL SÃO JOSÉ DO RIO PRETO | B16: Divisão Mirassol - SP
A17: REGIONAL SÃO JOSÉ DO RIO PRETO | B17: Divisao Olimpia - SP
A18: REGIONAL SÃO JOSÉ DO RIO PRETO | B18: Divisao São José do Rio Preto - SP
A19: REGIONAL SÃO JOSÉ DO RIO PRETO | B19: Divisão Fronteira - MG
A20: REGIONAL SÃO JOSÉ DO RIO PRETO | B20: Divisão São José do Rio Preto Norte - SP
A21: REGIONAL SÃO JOSÉ DO RIO PRETO | B21: Divisão São José do Rio Preto Leste - SP
A22: REGIONAL SÃO JOSÉ DO RIO PRETO | B22: Divisão Catanduva - SP
A23: REGIONAL SÃO JOSÉ DO RIO PRETO | B23: Divisão Guaraci - SP
A24: REGIONAL SÃO JOSÉ DO RIO PRETO | B24: Divisão Monte Aprazível - SP
A25: REGIONAL SÃO JOSÉ DO RIO PRETO | B25: Divisão José Bonifácio - SP
A26: REGIONAL SÃO JOSÉ DO RIO PRETO | B26: Divisão Icém - SP
... A31: REGIONAL SÃO JOSÉ DO RIO PRETO | B31: Divisão Bady Bassit - SP
A33: REGIONAL ANDRADINA
A34: REGIONAL ANDRADINA | B34: Divisão Andradina - SP
A35: REGIONAL ANDRADINA | B35: Divisão Ilha Solteira - SP
A36: REGIONAL ANDRADINA | B36: Divisão Castilho - SP
A37: REGIONAL ANDRADINA | B37: Divisão Pereira Barreto - SP
A38: REGIONAL ANDRADINA | B38: Divisão Murutinga do Sul - SP
A39: REGIONAL ANDRADINA | B39: Divisão Mirandópolis - SP
A41: REGIONAL ARAÇATUBA
A42: REGIONAL ARAÇATUBA | B42: Divisão Birigui - SP
A43: REGIONAL ARAÇATUBA | B43: Divisão Araçatuba - SP
A44: REGIONAL ARAÇATUBA | B44: Divisão Valparaiso - SP
A45: REGIONAL ARAÇATUBA | B45: Divisão Penápolis - SP
A46: REGIONAL ARAÇATUBA | B46: Divisão Piacatu - SP
A47: REGIONAL ARAÇATUBA | B47: Divisão Luiziânia - SP
A48: REGIONAL ARAÇATUBA | B48: Divisão Buritama - SP
A49: REGIONAL ARAÇATUBA | B49: Divisão Guararapes - SP
A50: REGIONAL ARAÇATUBA | B50: Divisão Coroados - SP
A52: REGIONAL VOTUPORANGA - SP
A53: REGIONAL VOTUPORANGA - SP | B53: Divisão Votuporanga - SP
A54: REGIONAL VOTUPORANGA - SP | B54: Divisao Fernandópolis - SP
A55: REGIONAL VOTUPORANGA - SP | B55: Divisão Iturama - MG
A56: REGIONAL VOTUPORANGA - SP | B56: Divisão Santa Fé do Sul - SP
A57: REGIONAL VOTUPORANGA - SP | B57: Divisão Três Fronteiras - SP

Sheet CMD VIII
A1: VOLTAR
A2: Comando Regional VIII | C2: Comando Regional IX | H2: *CMD REGIONAL VIII*
A3: REGIONAL SP3 - LESTE | C3: REGIONAL BRASÍLIA I - DF | H3: =CAPA!D16 -> Mundial: Kefir
A4: REGIONAL SP3 - LESTE | B4: Divisão Extremo Leste - SP3 | C4: REGIONAL BRASILIA I - DF | D4: Divisão Brasília - DF | H4: =CAPA!D17 -> Cmd Brasil: Billhas
A5: REGIONAL SP3 - LESTE | B5: Divisão Extremo Oeste - SP3 | C5: REGIONAL BRASILIA I - DF | D5: Divisão Jardim Botânico - DF | H5: =CAPA!D18 -> Disciplina: K
A6: REGIONAL SP3 - LESTE | B6: Divisão Extremo Sul - SP3 | C6: REGIONAL BRASILIA I - DF | D6: Divisão Riacho Fundo - DF | H6: =CAPA!D19 -> Inteligência: Mau
A7: REGIONAL SP3 - LESTE | B7: Divisão Leste - SP3 | C7: REGIONAL BRASILIA I - DF | D7: Divisão São Sebastião - Df | H7: =CAPA!D20 -> Adm Cmd Br: Dead
A8: REGIONAL SP3 - LESTE | B8: Divisão Norte - SP3 | C8: REGIONAL BRASILIA I - DF | D8: Divisão Vicente Pires - DF | H8: =CAPA!D21 -> Expansão: Tibão / Giubne
A9: REGIONAL SP3 - LESTE | B9: Divisão Oeste - SP3 | C9: REGIONAL BRASILIA I - DF | D9: Divisão Guará - DF | H9: =CAPA!D22 -> Comunicação:
A10: REGIONAL SP3 - LESTE | B10: Divisão Sul - SP3 | C10: REGIONAL BRASILIA I - DF | D10: Divisão Taguatinga - DF | H10: =CAPA!D23 -> Operacional: Godoy / Alekão
A11: REGIONAL SP3 - LESTE | B11: Divisão Extremo Norte - SP3 | H11: =CAPA!D24 -> Armas: Agmon
A12: REGIONAL SP3 - LESTE | B12: Divisão Centro - SP3 | C12: REGIONAL BRASÍLIA II - DF
C13: REGIONAL BRASÍLIA II - DF | D13: Divisão Cidade Ocidental - GO
A14: REGIONAL SP5 | C14: REGIONAL BRASÍLIA II - DF | D14: Divisão Jardim Ingá - GO
A15: REGIONAL SP5 | B15: Divisão Extremo Leste - SP5 | C15: REGIONAL BRASÍLIA II - DF | D15: Divisão Luziânia - GO
A16: REGIONAL SP5 | B16: Divisão Extremo Norte - SP5 | C16: REGIONAL BRASÍLIA II - DF | D16: Divisão Novo Gama - GO
A17: REGIONAL SP5 | B17: Divisão Extremo Oeste 1 - SP5 | C17: REGIONAL BRASÍLIA II - DF | D17: Divisão Paracatu - MG
A18: REGIONAL SP5 | B18: Divisão Extremo Sul - SP5 | C18: REGIONAL BRASÍLIA II - DF | D18: Divisão Valparaiso - GO
A19: REGIONAL SP5 | B19: Divisão Norte - SP5 | C19: REGIONAL BRASÍLIA II - DF | D19: Divisão Jardim ABC - GO
A20: REGIONAL SP5 | B20: Divisão Oeste - SP5 | C20: REGIONAL BRASÍLIA II - DF | D20: Divisão Cristalina - GO
A21: REGIONAL SP5 | B21: Divisão Sul - SP5 | C21: REGIONAL BRASÍLIA II - DF | D21: Divisão Unaí - MG
A22: REGIONAL SP5 | B22: Divisão Extremo Oeste 2 - SP5
A23: REGIONAL SP5 | B23: Divisão Extremo Leste 2 - SP5 | C23: REGIONAL BRASÍLIA III - DF
C24: REGIONAL BRASÍLIA III - DF | D24: Divisão Águas Lindas - GO
A25: REGIONAL SP10 | C25: REGIONAL BRASÍLIA III - DF | D25: Divisão Ceilândia - DF
A26: REGIONAL SP10 | B26: Divisão Norte - SP10 | C26: REGIONAL BRASÍLIA III - DF | D26: Divisão Gama - DF
A27: REGIONAL SP10 | B27: Divisão Sul - SP10 | C27: REGIONAL BRASÍLIA III - DF | D27: Divisão Recanto das Emas - DF
A28: REGIONAL SP10 | B28: Divisão Leste - SP10 | C28: REGIONAL BRASÍLIA III - DF | D28: Divisão Samambaia - DF
A29: REGIONAL SP10 | B29: Divisão Oeste - SP10 | C29: REGIONAL BRASÍLIA III - DF | D29: Divisão Santa Maria - DF
A30: REGIONAL SP10 | B30: Divisão Extremo Norte - SP10
A31: REGIONAL SP10 | B31: Divisão Extremo Sul - SP10 | C31: REGIONAL BRASÍLIA IV- DF
A32: REGIONAL SP10 | B32: Divisão Extremo Oeste - SP10 | C32: REGIONAL BRASÍLIA IV - DF | D32: Divisão Formosa - GO
A33: REGIONAL SP10 | B33: Divisão Extremo Leste - SP10 | C33: REGIONAL BRASÍLIA IV - DF | D33: Divisão Paranoá - DF
A34: REGIONAL SP10 | B34: Divisão Centro - SP10 | C34: REGIONAL BRASÍLIA IV - DF | D34: Divisão Planaltina - GO
C35: REGIONAL BRASÍLIA IV - DF | D35: Divisão Planaltina - DF
A36: REGIONAL SP13 | C36: REGIONAL BRASÍLIA IV - DF | D36: Divisão Sobradinho - DF
A37: REGIONAL SP13 | B37: Divisão Leste - SP13 | C37: REGIONAL BRASÍLIA IV - DF | D37: Divisão Unaí - MG
A38: REGIONAL SP13 | B38: Divisão Oeste - SP13
A39: REGIONAL SP13 | B39: Divisão Norte - SP13 | C39: REGIONAL TOCANTINS
A40: REGIONAL SP13 | B40: Divisão Centro - SP13 | C40: REGIONAL TOCANTINS | D40: Divisão Araguaína - TO
A41: REGIONAL SP13 | B41: Divisão Extremo Leste - SP13 | C41: REGIONAL TOCANTINS | D41: Divisão Gurupi Norte - TO
C42: REGIONAL TOCANTINS | D42: Divisão Gurupi Sul - TO
A43: REGIONAL SP18 | C43: REGIONAL TOCANTINS | D43: Divisão Palmas - TO
A44: REGIONAL SP18 | B44: Divisão Leste - SP18 | C44: REGIONAL TOCANTINS | D44: Divisão Paraiso - TO
A45: REGIONAL SP18 | B45: Divisão Norte - SP18
A46: REGIONAL SP18 | B46: Divisão Oeste - SP18
A47: REGIONAL SP18 | B47: Divisão Sul - SP18
A48: REGIONAL SP18 | B48: Divisão Extremo Norte - SP18
A49: REGIONAL SP18 | B49: Divisão Extremo Sul - SP18
A50: REGIONAL SP18 | B50: Divisão Extremo Leste - SP18
A51: REGIONAL SP18 | B51: Divisão Extremo Oeste - SP18
A53: REGIONAL SP19
A54: REGIONAL SP19 | B54: Divisão Norte - SP19
A55: REGIONAL SP19 | B55: Divisão Sul - SP19
A56: REGIONAL SP19 | B56: Divisão Leste - SP19
A57: REGIONAL SP19 | B57: Divisão Extremo Sul - SP19
A58: REGIONAL SP19 | B58: Divisão Oeste - SP19
A60: REGIONAL SP20
A61: REGIONAL SP20 | B61: Divisão Norte - SP20
A62: REGIONAL SP20 | B62: Divisão Leste - SP20
A63: REGIONAL SP20 | B63: Divisão Oeste - SP20
A65: REGIONAL SP21
A66: REGIONAL SP21 | B66: Divisão Norte - SP21
A67: REGIONAL SP21 | B67: Divisão Sul - SP21
A68: REGIONAL SP21 | B68: Divisão Leste - SP21
A69: REGIONAL SP21 | B69: Divisão Oeste - SP21
A71: REGIONAL SP22
A72: REGIONAL SP22 | B72: Divisão Norte - SP22
A73: REGIONAL SP22 | B73: Divisão Sul - SP22
A74: REGIONAL SP22 | B74: Divisão Leste - SP22
A76: REGIONAL SP23
A77: REGIONAL SP23 | B77: Divisão Sul - SP23 (Antiga Sul SP13)
A78: REGIONAL SP23 | B78: Divisão Norte - SP23
A80: REGIONAL SP25
A81: REGIONAL SP25 | B81: Divisão Leste - SP25 (Antiga Leste SP5)
A82: REGIONAL SP25 | B82: Divisão Sul - SP25
A83: REGIONAL SP25 | B83: Divisão Norte - SP25
A84: REGIONAL SP25 | B84: Divisão Oeste - SP25
A86: REGIONAL SP26
A87: REGIONAL SP26 | B87: Divisão Sul - SP26 (Antiga Sul SP20)
A88: REGIONAL SP26 | B88: Divisão Norte - SP26

Sheet CMD IX
A1: VOLTAR
A2: Comando Regional IX | D2: *CMD REGIONAL IX*
A3: REGIONAL BRASÍLIA I - DF | D3: =CAPA!E16 -> Mundial: Naruê
A4: REGIONAL BRASILIA I - DF | B4: Divisão Brasília - DF | D4: =CAPA!E17 -> Cmd Brasil: Shodan
A5: REGIONAL BRASILIA I - DF | B5: Divisão Jardim Botânico - DF | D5: =CAPA!E18 -> Disciplina: Henrique
A6: REGIONAL BRASILIA I - DF | B6: Divisão Riacho Fundo - DF | D6: =CAPA!E19 -> Inteligência: Demétrio
A7: REGIONAL BRASILIA I - DF | B7: Divisão São Sebastião - Df | D7: =CAPA!E20 -> Adm Cmd: Hugo Melo
A8: REGIONAL BRASILIA I - DF | B8: Divisão Vicente Pires - DF | D8: =CAPA!E21 -> Expansão: Tibão / Pendente
A9: REGIONAL BRASILIA I - DF | B9: Divisão Guará - DF | D9: =CAPA!E22 -> Comunicação: Cruvinel
A10: REGIONAL BRASILIA I - DF | B10: Divisão Taguatinga - DF | D10: =CAPA!E23 -> Operacional: Ted / Pedro
D11: =CAPA!E24 -> Armas: Bbz
A12: REGIONAL BRASÍLIA II - DF
A13: REGIONAL BRASÍLIA II - DF | B13: Divisão Cidade Ocidental - GO
A14: REGIONAL BRASÍLIA II - DF | B14: Divisão Jardim Ingá - GO
A15: REGIONAL BRASÍLIA II - DF | B15: Divisão Luziânia - GO
A16: REGIONAL BRASÍLIA II - DF | B16: Divisão Novo Gama - GO
A17: REGIONAL BRASÍLIA II - DF | B17: Divisão Paracatu - MG
A18: REGIONAL BRASÍLIA II - DF | B18: Divisão Valparaiso - GO
A19: REGIONAL BRASÍLIA II - DF | B19: Divisão Jardim ABC - GO
A20: REGIONAL BRASÍLIA II - DF | B20: Divisão Cristalina - GO
A22: REGIONAL BRASÍLIA III - DF
A23: REGIONAL BRASÍLIA III - DF | B23: Divisão Águas Lindas - GO
A24: REGIONAL BRASÍLIA III - DF | B24: Divisão Ceilândia - DF
A25: REGIONAL BRASÍLIA III - DF | B25: Divisão Gama - DF
A26: REGIONAL BRASÍLIA III - DF | B26: Divisão Recanto das Emas - DF
A27: REGIONAL BRASÍLIA III - DF | B27: Divisão Samambaia - DF
A28: REGIONAL BRASÍLIA III - DF | B28: Divisão Santa Maria - DF
A30: REGIONAL BRASÍLIA IV- DF
A31: REGIONAL BRASÍLIA IV - DF | B31: Divisão Formosa - GO
A32: REGIONAL BRASÍLIA IV - DF | B32: Divisão Paranoá - DF
A33: REGIONAL BRASÍLIA IV - DF | B33: Divisão Planaltina - GO
A34: REGIONAL BRASÍLIA IV - DF | B34: Divisão Planaltina - DF
A35: REGIONAL BRASÍLIA IV - DF | B35: Divisão Sobradinho - DF
A36: REGIONAL BRASÍLIA IV - DF | B36: Divisão Unaí - MG
A38: REGIONAL TOCANTINS
A39: REGIONAL TOCANTINS | B39: Divisão Araguaína - TO
A40: REGIONAL TOCANTINS | B40: Divisão Gurupi Sul - TO
A41: REGIONAL TOCANTINS | B41: Divisão Palmas - TO
A42: REGIONAL TOCANTINS | B42: Divisão Paraiso - TO
A43: REGIONAL TOCANTINS | B43: Divisão Gurupi Norte - TO

Sheet CMD X
A1: VOLTAR
A2: Comando Regional X | D2: *CMD REGIONAL X*
A3: REGIONAL OSASCO 1 - SP | D3: =CAPA!F16 -> Mundial: Roney
A4: REGIONAL OSASCO 1 - SP | B4: Divisão Osasco 1 Centro - SP | D4: =CAPA!F17 -> Cmd Brasil: Clayton
A5: REGIONAL OSASCO 1 - SP | B5: Divisão Osasco 1 Extremo Oeste - SP | D5: =CAPA!F18 -> Disciplina: Ching
A6: REGIONAL OSASCO 1 - SP | B6: Divisão Osasco 1 Extremo Sul - SP | D6: =CAPA!F19 -> Inteligência: Fico
A7: REGIONAL OSASCO 1 - SP | B7: Divisão Osasco 1 Leste - SP | D7: =CAPA!F20 -> Adm Cmd: Cabelo
D8: =CAPA!F21 -> Expansão: Tibão / Carvalho
A9: REGIONAL OSASCO 2 - SP | D9: =CAPA!F22 -> Comunicação: Chris Jr
A10: REGIONAL OSASCO 2 - SP | B10: Divisão Osasco 2 Centro Velho - SP | D10: =CAPA!F23 -> Operacional: Munrah
A11: REGIONAL OSASCO 2 - SP | B11: Divisão Osasco 2 Norte - SP | D11: =CAPA!F24 -> Armas: Coyote
A12: REGIONAL OSASCO 2 - SP | B12: Divisão Osasco 2 Oeste - SP
A13: REGIONAL OSASCO 2 - SP | B13: Divisão Osasco 2 Extremo Leste - SP (Antiga Leste)
A15: REGIONAL OSASCO 3 - SP
A16: REGIONAL OSASCO 3 - SP | B16: Divisão Osasco 3 Centro - SP
A17: REGIONAL OSASCO 3 - SP | B17: Divisão Osasco 3 Oeste - SP
A18: REGIONAL OSASCO 3 - SP | B18: Divisão Osasco 3 Extremo Norte - SP
A19: REGIONAL OSASCO 3 - SP | B19: Divisão Osasco 3 Sul - SP
A20: REGIONAL OSASCO 3 - SP | B20: Divisão Osasco 3 Norte - SP
A21: REGIONAL OSASCO 3 - SP | B21: Divisão Osasco 3 Extremo Oeste - SP
A23: REGIONAL OSASCO 4 - SP
A24: REGIONAL OSASCO 4 - SP | B24: Divisão Osasco 4 Extremo Leste - SP
A25: REGIONAL OSASCO 4 - SP | B25: Divisão Osasco 4 Sul - SP
A26: REGIONAL OSASCO 4 - SP | B26: Divisão Osasco 4 Oeste - SP (Antiga X-Leste)
A27: REGIONAL OSASCO 4 - SP | B27: Divisão Osasco 4 Norte - SP
A29: REGIONAL OSASCO 5 - SP
A30: REGIONAL OSASCO 5 - SP | B30: Divisão Osasco 5 Extremo Oeste - SP
A31: REGIONAL OSASCO 5 - SP | B31: Divisão Osasco 5 Leste - SP (Antiga Oeste)
A32: REGIONAL OSASCO 5 - SP | B32: Divisão Osasco 5 Centro - SP (Antiga X-Oeste)

Sheet CMD XI
A1: VOLTAR
A2: Comando Regional XI | C2: Comando Regional XII
A3: REGIONAL ABC1 | C3: REGIONAL BELO HORIZONTE
A4: REGIONAL ABC1 | B4: Divisão Riacho Grande - SP | C4: REGIONAL BELO HORIZONTE | D4: Divisao Belo Horizonte - MG
A5: REGIONAL ABC1 | B5: Divisão São Bernardo do Campo Norte - SP | C5: REGIONAL BELO HORIZONTE | D5: Divisão Betim - MG
A6: REGIONAL ABC1 | B6: Divisão São Bernardo do Campo Sul - SP | C6: REGIONAL BELO HORIZONTE | D6: Divisao Belo Horizonte Norte - MG
A7: REGIONAL ABC1 | B7: Divisão São Bernardo do Campo Oeste - SP | C7: REGIONAL BELO HORIZONTE | D7: Divisão Igarapé - MG
A8: REGIONAL ABC1 | B8: Divisão São Bernardo do Centro - SP | C8: REGIONAL BELO HORIZONTE | D8: Divisão Ibirité - MG
A9: REGIONAL ABC1 | B9: Divisão São Bernardo do Campo Leste - SP
A10: REGIONAL ABC1 | B10: Divisão São Bernardo do Campo Extremo Norte - SP | C10: REGIONAL NORTE DE MINAS - MG
C11: REGIONAL NORTE DE MINAS - MG | D11: Divisão Curvelo Centro - MG
A12: REGIONAL ABC2 | C12: REGIONAL NORTE DE MINAS - MG | D12: Divisão Curvelo Sul - MG
A13: REGIONAL ABC2 | B13: Divisão Santo André Centro - SP | C13: REGIONAL NORTE DE MINAS - MG | D13: Divisão Montes Claros - MG
A14: REGIONAL ABC2 | B14: Divisão Santo André Sul - SP | C14: REGIONAL NORTE DE MINAS - MG | D14: Divisão Pirapora - MG
A15: REGIONAL ABC2 | B15: Divisão Santo André Extremo Norte - SP | C15: REGIONAL NORTE DE MINAS - MG | D15: Divisão Sete Lagoas - MG
A16: REGIONAL ABC2 | B16: Divisão Santo André Extremo Sul - SP | C16: REGIONAL NORTE DE MINAS - MG | D16: Divisão Januária - MG
A17: REGIONAL ABC2 | B17: Divisão Santo André Norte - SP | C17: REGIONAL NORTE DE MINAS - MG | D17: Divisão Capelinha - MG
A18: REGIONAL ABC2 | B18: Divisão Santo André Leste - SP | C18: REGIONAL NORTE DE MINAS - MG | D18: Divisão Felixlândia - MG
A19: REGIONAL ABC2 | B19: Divisão Santo André Oeste - SP | C19: REGIONAL NORTE DE MINAS - MG | D19: Divisão Inimutaba - MG
C20: REGIONAL NORTE DE MINAS - MG | D20: Divisão Corinto - MG
A21: REGIONAL ABC6 | C21: REGIONAL NORTE DE MINAS - MG | D21: Divisão Turmalina - MG
A22: REGIONAL ABC6 | B22: Divisão São Caetano do Sul Centro - SP | C22: REGIONAL NORTE DE MINAS - MG | D22: Divisão Janaúba - MG
A23: REGIONAL ABC6 | B23: Divisão São Caetano do Sul Leste - SP
A24: REGIONAL ABC6 | B24: Divisão São Caetano do Sul Sul - SP | C24: REGIONAL OESTE DE MINAS - MG
A25: REGIONAL ABC6 | B25: Divisão São Caetano do Sul Oeste - SP | C25: REGIONAL OESTE DE MINAS - MG | D25: Divisão Betim Oeste - MG
C26: REGIONAL OESTE DE MINAS - MG | D26: Divisão Itaúna - MG
A27: REGIONAL ABC7 | C27: REGIONAL OESTE DE MINAS - MG | D27: Divisão Papagaios - MG
A28: REGIONAL ABC7 | B28: Divisão Diadema Sul - SP | C28: REGIONAL OESTE DE MINAS - MG | D28: Divisão Pará de Minas - MG
A29: REGIONAL ABC7 | B29: Divisão Diadema Norte - SP | C29: REGIONAL OESTE DE MINAS - MG | D29: Divisão Divinópolis - MG
A30: REGIONAL ABC7 | B30: Divisão Diadema Leste - SP | C30: REGIONAL OESTE DE MINAS - MG | D30: Divisão Mateus Leme - MG
A31: REGIONAL ABC7 | B31: Divisão Diadema Oeste - SP | C31: REGIONAL OESTE DE MINAS - MG | D31: Divisão Nova Serrana - MG
C32: REGIONAL OESTE DE MINAS - MG | D32: Divisão Cláudio - MG

Sheet CMD XII
A1: VOLTAR
A2: Comando Regional XII | D2: *CMD REGIONAL XII*
A3: REGIONAL BELO HORIZONTE | D3: =CAPA!C26 -> Representante: Véio
A4: REGIONAL BELO HORIZONTE | B4: Divisao Belo Horizonte - MG | D4: =CAPA!C27 -> Cmd Brasil: Almeida
A5: REGIONAL BELO HORIZONTE | B5: Divisão Betim - MG | D5: =CAPA!C28 -> Disciplina: Cidão
A6: REGIONAL BELO HORIZONTE | B6: Divisao Belo Horizonte Norte - MG | D6: =CAPA!C29 -> Inteligência: Dias
A7: REGIONAL BELO HORIZONTE | B7: Divisão Igarapé - MG | D7: =CAPA!C30 -> Adm Cmd: Brow
A8: REGIONAL BELO HORIZONTE | B8: Divisão Ibirité - MG | D8: =CAPA!C31 -> Expansão: Tibão / Sniper
A9: REGIONAL BELO HORIZONTE | B9: Divisão Betim Leste - MG | D9: =CAPA!C32 -> Comunicação: Cruvinel
D10: =CAPA!C33 -> Operacional: Ted / Sicário
A11: REGIONAL NORTE DE MINAS - MG | D11: =CAPA!C34 -> Armas: Rachid
A12: REGIONAL NORTE DE MINAS - MG | B12: Divisão Curvelo Centro - MG
A13: REGIONAL NORTE DE MINAS - MG | B13: Divisão Curvelo Sul - MG
A14: REGIONAL NORTE DE MINAS - MG | B14: Divisão Montes Claros - MG
A15: REGIONAL NORTE DE MINAS - MG | B15: Divisão Pirapora - MG
A16: REGIONAL NORTE DE MINAS - MG | B16: Divisão Sete Lagoas - MG
A17: REGIONAL NORTE DE MINAS - MG | B17: Divisão Januária - MG
A18: REGIONAL NORTE DE MINAS - MG | B18: Divisão Capelinha - MG
A19: REGIONAL NORTE DE MINAS - MG | B19: Divisão Felixlândia - MG
A20: REGIONAL NORTE DE MINAS - MG | B20: Divisão Inimutaba - MG
A21: REGIONAL NORTE DE MINAS - MG | B21: Divisão Corinto - MG
A22: REGIONAL NORTE DE MINAS - MG | B22: Divisão Turmalina - MG
A23: REGIONAL NORTE DE MINAS - MG | B23: Divisão Janaúba - MG
A25: REGIONAL OESTE DE MINAS - MG
A26: REGIONAL OESTE DE MINAS - MG | B26: Divisão Betim Oeste - MG
A27: REGIONAL OESTE DE MINAS - MG | B27: Divisão Itaúna - MG
A28: REGIONAL OESTE DE MINAS - MG | B28: Divisão Papagaios - MG
A29: REGIONAL OESTE DE MINAS - MG | B29: Divisão Pará de Minas - MG
A30: REGIONAL OESTE DE MINAS - MG | B30: Divisão Divinópolis - MG
A31: REGIONAL OESTE DE MINAS - MG | B31: Divisão Mateus Leme - MG
A32: REGIONAL OESTE DE MINAS - MG | B32: Divisão Nova Serrana - MG
A33: REGIONAL OESTE DE MINAS - MG | B33: Divisão Cláudio - MG

Sheet CMD XIII
A1: VOLTAR
A2: Comando Regional XIII | C2: Comando Regional XIV
A3: REGIONAL CHAPECÓ | C3: REGIONAL SOROCABA
A4: REGIONAL CHAPECÓ | B4: Divisão Chapecó - SC | C4: REGIONAL SOROCABA | D4: Divisão Sorocaba Centro - SP
A5: REGIONAL CHAPECÓ | B5: Divisão Ponte Serrada - SC | C5: REGIONAL SOROCABA | D5: Divisão Sorocaba Norte - SP
A6: REGIONAL CHAPECÓ | B6: Divisão Xanxerê - SC | C6: REGIONAL SOROCABA | D6: Divisão Sorocaba Oeste - SP
A7: REGIONAL CHAPECÓ | B7: Divisão Oeste Catarinense - SC | C7: REGIONAL SOROCABA | D7: Divisão Votorantim - SP
A8: REGIONAL CHAPECÓ | B8: Divisão Norte Gaúcho - SC | C8: REGIONAL SOROCABA | D8: Divisão Sorocaba Sul - SP
A9: REGIONAL CHAPECÓ | B9: Divisão São Lourenço do Oeste - SC | C9: REGIONAL SOROCABA | D9: Divisão Aparecidinha - SP
A10: REGIONAL CHAPECÓ | B10: Divisão Passo Fundo - SC | C10: REGIONAL SOROCABA | D10: Divisão Éden - SP
C11: REGIONAL SOROCABA | D11: Divisão Votorantim Leste - SP
A12: REGIONAL CONCÓRDIA - SC | C12: REGIONAL SOROCABA | D12: Divisão Brigadeiro Tobias - SP
A13: REGIONAL CONCÓRDIA - SC | B13: Divisão Caçador - SC | C13: REGIONAL SOROCABA | D13: Divisão Sorocaba Leste - SP
A14: REGIONAL CONCÓRDIA - SC | B14: Divisão Concórdia - SC
A15: REGIONAL CONCÓRDIA - SC | B15: Divisão Videira - SC | C15: REGIONAL ITU - SP
A16: REGIONAL CONCÓRDIA - SC | B16: Divisão Seara - SC | C16: REGIONAL ITU - SP | D16: Divisão Itú - SP
A17: REGIONAL CONCÓRDIA - SC | B17: Divisão Vale do Rio do Peixe - SC | C17: REGIONAL ITU - SP | D17: Divisão Porto Feliz - SP
C18: REGIONAL ITU - SP | D18: Divisão Salto - SP
A19: REGIONAL PORTO ALEGRE | C19: REGIONAL ITU - SP | D19: Divisão Indaiatuba - SP
A20: REGIONAL PORTO ALEGRE | B20: Divisão Alvorada - RS | C20: REGIONAL ITU - SP | D20: Divisão Boituva - SP
A21: REGIONAL PORTO ALEGRE | B21: Divisão Litoral Gaúcho - RS | C21: REGIONAL ITU - SP | D21: Divisão Elias Fausto - SP
A22: REGIONAL PORTO ALEGRE | B22: Divisão Porto Alegre - RS | C22: REGIONAL ITU - SP | D22: Divisão Salto Norte - SP
A23: REGIONAL PORTO ALEGRE | B23: Divisão Extremo Sul - RS | C23: REGIONAL ITU - SP | D23: Divisão Indaiatuba Norte - SP
A24: REGIONAL PORTO ALEGRE | B24: Divisão Vale dos Sinos - RS
A25: REGIONAL PORTO ALEGRE | B25: Divisão Porto Alegre Norte - RS | C25: REGIONAL IBIÚNA - SP
A26: REGIONAL PORTO ALEGRE | B26: Divisão Porto Alegre Sul - RS | C26: REGIONAL IBIÚNA - SP | D26: Divisão Ibiúna - SP
A27: REGIONAL PORTO ALEGRE | B27: Divisão Carbonífera - RS | C27: REGIONAL IBIÚNA - SP | D27: Divisão São Roque - SP
A28: REGIONAL PORTO ALEGRE | B28: Divisão Vale do Gravataí - RS | C28: REGIONAL IBIÚNA - SP | D28: Divisão Ibiúna Leste - SP
C29: REGIONAL IBIÚNA - SP | D29: Divisão São Roque Norte - SP
A30: REGIONAL SANTA MARIA - RS | C30: REGIONAL IBIÚNA - SP | D30: Divisão São Roque Leste - SP
A31: REGIONAL SANTA MARIA - RS | B31: Divisão Santa Maria - RS
A32: REGIONAL SANTA MARIA - RS | B32: Divisão São Gabriel - RS | C32: REGIONAL MAIRINQUE - SP
A33: REGIONAL SANTA MARIA - RS | B33: Divisão Três Passos - RS | C33: REGIONAL MAIRINQUE - SP | D33: Divisão Mairinque - SP
A34: REGIONAL SANTA MARIA - RS | B34: Divisão Tupanciretã - RS | C34: REGIONAL MAIRINQUE - SP | D34: Divisão Mairinque Norte - SP
A35: REGIONAL SANTA MARIA - RS | B35: Divisão Sant'ana do Livramento - RS | C35: REGIONAL MAIRINQUE - SP | D35: Divisão Mairinque Leste - SP
A36: REGIONAL SANTA MARIA - RS | B36: Divisão Itaara - RS | C36: REGIONAL MAIRINQUE - SP | D36: Divisão Alumínio - SP
A37: REGIONAL SANTA MARIA - RS | B37: Divisão Alegrete - RS | C37: REGIONAL MAIRINQUE - SP | D37: Divisão Alumínio Norte - SP
A38: REGIONAL SANTA MARIA - RS | B38: Divisão Fronteira Oeste - RS
A39: REGIONAL SANTA MARIA - RS | B39: Divisão Horizontina - RS
A40: REGIONAL SANTA MARIA - RS | B40: Divisão Ijuí - RS
A41: REGIONAL SANTA MARIA - RS | B41: Divisão Quaraí - RS
A42: REGIONAL SANTA MARIA - RS | B42: Divisão Barra do Quaraí - RS
A43: REGIONAL SANTA MARIA - RS | B43: Divisão Itaqui - RS
A44: REGIONAL SANTA MARIA - RS | B44: Divisão São Pedro do Sul - RS
A45: REGIONAL SANTA MARIA - RS | B45: Divisão Tenente Portela - RS
A46: REGIONAL SANTA MARIA - RS | B46: Divisão Uruguaiana - RS
A48: REGIONAL SERRA GAÚCHA
A49: REGIONAL SERRA GAÚCHA | B49: Divisão Bento Gonçalves - RS (Antiga Serra Gaucha)
A50: REGIONAL SERRA GAÚCHA | B50: Divisão Caxias do Sul - RS
A51: REGIONAL SERRA GAÚCHA | B51: Divisão Hortênsias - RS
A52: REGIONAL SERRA GAÚCHA | B52: Divisão Santa Cruz do Sul - RS
A54: REGIONAL PASSO FUNDO - RS
A55: REGIONAL PASSO FUNDO - RS | B55: Divisão Passo Fundo Sul - RS
A56: REGIONAL PASSO FUNDO - RS | B56: Divisão Maraú - RS
A57: REGIONAL PASSO FUNDO - RS | B57: Divisão Passo Fundo Norte - RS
A58: REGIONAL PASSO FUNDO - RS | B58: Divisão Maximiliano de Almeida - RS

Sheet CMD XIV
A1: VOLTAR
A2: Comando Regional XIV | D2: *CMD REGIONAL XIV*
A3: REGIONAL SOROCABA | D3: =CAPA!E26 -> Mundial: Eusimio
A4: REGIONAL SOROCABA | B4: Divisão Sorocaba Centro - SP | D4: =CAPA!E27 -> Cmd Brasil: Cisi
A5: REGIONAL SOROCABA | B5: Divisão Sorocaba Norte - SP | D5: =CAPA!E28 -> Disciplina: Coquinho
A6: REGIONAL SOROCABA | B6: Divisão Sorocaba Oeste - SP | D6: =CAPA!E29 -> Inteligência: Moreno
A7: REGIONAL SOROCABA | B7: Divisão Votorantim - SP | D7: =CAPA!E30 -> Adm Cmd: Cabelo
A8: REGIONAL SOROCABA | B8: Divisão Sorocaba Sul - SP | D8: =CAPA!E31 -> Expansão: Tibão / Giubne
A9: REGIONAL SOROCABA | B9: Divisão Aparecidinha - SP | D9: =CAPA!E32 -> Comunicação: Chris Jr
A10: REGIONAL SOROCABA | B10: Divisão Éden - SP | D10: =CAPA!E33 -> Operacional: Moloscovis
A11: REGIONAL SOROCABA | B11: Divisão Votorantim Leste - SP | D11: =CAPA!E34 -> Armas: Cruzoleto
A12: REGIONAL SOROCABA | B12: Divisão Brigadeiro Tobias - SP
A13: REGIONAL SOROCABA | B13: Divisão Sorocaba Leste - SP
A15: REGIONAL ITU - SP
A16: REGIONAL ITU - SP | B16: Divisão Itú - SP
A17: REGIONAL ITU - SP | B17: Divisão Porto Feliz - SP
A18: REGIONAL ITU - SP | B18: Divisão Salto - SP
A19: REGIONAL ITU - SP | B19: Divisão Indaiatuba - SP
A20: REGIONAL ITU - SP | B20: Divisão Boituva - SP
A21: REGIONAL ITU - SP | B21: Divisão Elias Fausto - SP
A22: REGIONAL ITU - SP | B22: Divisão Salto Norte - SP
A23: REGIONAL ITU - SP | B23: Divisão Indaiatuba Norte - SP
A24: REGIONAL ITU - SP | B24: Divisão Indaiatuba Leste - SP
A25: REGIONAL ITU - SP | B25: Divisão Itú Norte - SP
A27: REGIONAL IBIÚNA - SP
A28: REGIONAL IBIÚNA - SP | B28: Divisão Ibiúna - SP
A29: REGIONAL IBIÚNA - SP | B29: Divisão São Roque - SP
A30: REGIONAL IBIÚNA - SP | B30: Divisão Ibiúna Leste - SP
A31: REGIONAL IBIÚNA - SP | B31: Divisão São Roque Norte - SP
A32: REGIONAL IBIÚNA - SP | B32: Divisão São Roque Leste - SP
A33: REGIONAL IBIÚNA - SP | B33: Divisão São Roque Oeste - SP
A35: REGIONAL MAIRINQUE - SP
A36: REGIONAL MAIRINQUE - SP | B36: Divisão Mairinque - SP
A37: REGIONAL MAIRINQUE - SP | B37: Divisão Mairinque Norte - SP
A38: REGIONAL MAIRINQUE - SP | B38: Divisão Mairinque Leste - SP
A39: REGIONAL MAIRINQUE - SP | B39: Divisão Alumínio - SP
A40: REGIONAL MAIRINQUE - SP | B40: Divisão Alumínio Norte - SP
A41: REGIONAL MAIRINQUE - SP | B41: Divisão Mairinque Sul - SP
A42: REGIONAL MAIRINQUE - SP | B42: Divisão Alumínio Leste - SP
A43: REGIONAL MAIRINQUE - SP | B43: Divisão Mairinque Oeste - SP

Sheet CMD XV
A1: VOLTAR
A2: Comando Regional XV | D2: *CMD REGIONAL XV*
A3: REGIONAL JUNDIAÍ I | D3: =CAPA!F26 -> Mundial: Dabota
A4: REGIONAL JUNDIAÍ I | B4: Divisão Jundiaí I Extremo Oeste - SP | D4: =CAPA!F27 -> Cmd Brasil: Sabiá
A5: REGIONAL JUNDIAÍ I | B5: Divisão Jundiaí I Leste - SP | D5: =CAPA!F28 -> Disciplina: K
A6: REGIONAL JUNDIAÍ I | B6: Divisão Jundiaí I Oeste - SP | D6: =CAPA!F29 -> Inteligência: Toni
A7: REGIONAL JUNDIAÍ I | B7: Divisão Jundiaí I Extremo Leste - SP | D7: =CAPA!F30 -> Adm Cmd: Jonnhy
A8: REGIONAL JUNDIAÍ I | B8: Divisão Jundiaí I Oeste 2 - SP | D8: =CAPA!F31 -> Expansão: Tibão / Edinho
A9: REGIONAL JUNDIAÍ I | B9: Divisão Jundiaí I Noroeste - SP | D9: =CAPA!F32 -> Comunicação:
A10: REGIONAL JUNDIAÍ I | B10: Divisão Jundiaí I Centro Leste - SP | D10: =CAPA!F33 -> Operacional: Godoy / Ju Berganton
D11: =CAPA!F34 -> Armas: Matenauer
A12: REGIONAL JUNDIAÍ II
A13: REGIONAL JUNDIAÍ II | B13: Divisão Jundiaí II Centro Oeste - SP (Antiga Centro)
A14: REGIONAL JUNDIAI II | B14: Divisao Jundiaí II Norte - SP
A15: REGIONAL JUNDIAÍ II | B15: Divisão Jundiaí II Sul - SP
A16: REGIONAL JUNDIAÍ II | B16: Divisão Jundiaí II Extremo Sul - SP
A17: REGIONAL JUNDIAÍ II | B17: Divisão Jundiaí II Extremo Norte - SP
A18: REGIONAL JUNDIAÍ II | B18: Divisão Jundiaí II Centro 2 - SP
A20: REGIONAL VINHEDO - SP
A21: REGIONAL VINHEDO - SP | B21: Divisão Cabreuva - SP
A22: REGIONAL VINHEDO - SP | B22: Divisão Itupeva - SP
A23: REGIONAL VINHEDO - SP | B23: Divisão Louveira Norte - SP
A24: REGIONAL VINHEDO - SP | B24: Divisão Valinhos - SP
A25: REGIONAL VINHEDO - SP | B25: Divisão Vinhedo - SP
A26: REGIONAL VINHEDO - SP | B26: Divisão Louveira Sul - SP
A28: REGIONAL VÁRZEA PAULISTA - SP
A29: REGIONAL VÁRZEA PAULISTA - SP | B29: Divisão Várzea Paulista Centro - SP
A30: REGIONAL VÁRZEA PAULISTA - SP | B30: Divisão Várzea Paulista - SP
A31: REGIONAL VÁRZEA PAULISTA - SP | B31: Divisão Várzea Paulista Norte - SP
A32: REGIONAL VÁRZEA PAULISTA - SP | B32: Divisão Campo Limpo Paulista Norte - SP
A33: REGIONAL VÁRZEA PAULISTA - SP | B33: Divisão Campo Limpo Paulista Sul - SP
A34: REGIONAL VÁRZEA PAULISTA - SP | B34: Divisão Jarinu - SP
A36: REGIONAL ITATIBA - SP
A37: REGIONAL ITATIBA - SP | B37: Divisão Itatiba Centro - SP
A38: REGIONAL ITATIBA - SP | B38: Divisão Itatiba Sul - SP
A39: REGIONAL ITATIBA - SP | B39: Divisão Itatiba Norte - SP
A40: REGIONAL ITATIBA - SP | B40: Divisão Itatiba Leste - SP

Sheet CMD XVI
A1: VOLTAR
A2: Comando Regional XVI | D2: *CMD REGIONAL XVI*
A3: REGIONAL CURITIBA I SUL - PR | D3: =CAPA!B36 -> Mundial: Jonatas
A4: REGIONAL CURITIBA I SUL - PR | B4: Divisão Curitiba Extremo Sul - PR | D4: =CAPA!B37 -> Cmd Brasil: Abeia
A5: REGIONAL CURITIBA I SUL - PR | B5: Divisão Curitiba Leste - PR | D5: =CAPA!B38 -> Disciplina: Miro
A6: REGIONAL CURITIBA I SUL - PR | B6: Divisão Curitiba Sul - PR | D6: =CAPA!B39 -> Inteligência: Fico
A7: REGIONAL CURITIBA I SUL - PR | B7: Divisão São José dos Pinhais Norte - PR | D7: =CAPA!B40 -> Adm Cmd Br: Dead
A8: REGIONAL CURITIBA I SUL - PR | B8: Divisão São José dos Pinhais Sul - PR | D8: =CAPA!B41 -> Expansão: Tibão / Pendente
A9: REGIONAL CURITIBA I SUL - PR | B9: Divisão Curitiba Norte - PR | D9: =CAPA!B42 -> Comunicação:
A10: REGIONAL CURITIBA I SUL - PR | B10: Divisão Curitiba Oeste - PR | D10: =CAPA!B43 -> Operacional: Ted / Kaio
A11: REGIONAL CURITIBA I SUL - PR | B11: Divisão São José dos Pinhais Leste - PR | D11: =CAPA!B44 -> Armas: Augusto
A12: REGIONAL CURITIBA I SUL - PR | B12: Divisão São José dos Pinhais Oeste - PR
A13: REGIONAL CURITIBA I SUL - PR | B13: Divisão Campina Grande do Sul - PR
A14: REGIONAL CURITIBA I SUL - PR | B14: Divisão Barro Preto - PR
A15: REGIONAL CURITIBA I SUL - PR | B15: Divisão Tijucas do Sul - PR
A16: REGIONAL CURITIBA I SUL - PR | B16: Divisão Extremo Sul - PR
A18: REGIONAL LITORAL DO PARANÁ
A19: REGIONAL LITORAL DO PARANÁ | B19: Divisão Antonina - PR
A20: REGIONAL LITORAL DO PARANÁ | B20: Divisão Guaratuba - PR
A21: REGIONAL LITORAL DO PARANÁ | B21: Divisão Matinhos Sul - PR
A22: REGIONAL LITORAL DO PARANÁ | B22: Divisão Morretes - PR
A23: REGIONAL LITORAL DO PARANÁ | B23: Divisão Paranaguá - PR
A24: REGIONAL LITORAL DO PARANÁ | B24: Divisão Pontal do Paraná Sul - PR
A25: REGIONAL LITORAL DO PARANÁ | B25: Divisão Pontal do Paraná Norte - PR
A26: REGIONAL LITORAL DO PARANÁ | B26: Divisão Matinhos Norte - PR
A27: REGIONAL LITORAL DO PARANÁ | B27: Divisão Paranaguá Sul - PR
A28: REGIONAL LITORAL DO PARANÁ | B28: Divisão Guaratuba Norte - PR
A30: REGIONAL CURITIBA V
A31: REGIONAL CURITIBA V - PR | B31: Divisão Pinhais Sul - PR
A32: REGIONAL CURITIBA V - PR | B32: Divisão Piraquara - PR
A33: REGIONAL CURITIBA V - PR | B33: Divisão Colombo - PR
A34: REGIONAL CURITIBA V - PR | B34: Divisão Bocaiúva do Sul - PR
A35: REGIONAL CURITIBA V - PR | B35: Divisão Quatro Barras - PR
A36: REGIONAL CURITIBA V - PR | B36: Divisão Pinhais Norte - PR
A37: REGIONAL CURITIBA V - PR | B37: Divisão Curitiba V Extremo Leste - SP
A38: REGIONAL CURITIBA V - PR | B38: Divisão Campina Grande do Sul - PR
A40: REGIONAL NOROESTE DO PARANÁ - PR
A41: REGIONAL NOROESTE DO PARANÁ - PR | B41: Divisão Guairaçá - PR
A42: REGIONAL NOROESTE DO PARANÁ - PR | B42: Divisão Paranavaí - PR

Sheet CMD XVII
A1: VOLTAR
A2: Comando Regional XVII | D2: *CMD REGIONAL XVII*
A3: REGIONAL CAMPOS DOS GOYTACAZES - RJ | D3: =CAPA!C36 -> Mundial: Bin
A4: REGIONAL CAMPOS DOS GOYTACAZES - RJ | B4: Divisão Bom Jesus do Itabapoana - RJ | D4: =CAPA!C37 -> Cmd Brasil: Gutierrez
A5: REGIONAL CAMPOS DOS GOYTACAZES - RJ | B5: Divisao Campos Dos Goytacazes - RJ | D5: =CAPA!C38 -> Disciplina: Miro
A6: REGIONAL CAMPOS DOS GOYTACAZES - RJ | B6: Divisão Itaperuna - RJ | D6: =CAPA!C39 -> Inteligência: Moreno
A7: REGIONAL CAMPOS DOS GOYTACAZES - RJ | B7: Divisão Macaé - RJ | D7: =CAPA!C40 -> Adm Cmd:
A8: REGIONAL CAMPOS DOS GOYTACAZES - RJ | B8: Divisão São Fidelis - RJ | D8: =CAPA!C41 -> Expansão: Tibão / Aguiar
A9: REGIONAL CAMPOS DOS GOYTACAZES - RJ | B9: Divisão São Francisco de Itabapoana - RJ | D9: =CAPA!C42 -> Comunicação: Cruvinel
A10: REGIONAL CAMPOS DOS GOYTACAZES - RJ | B10: Divisão São João da Barra - RJ | D10: =CAPA!C43 -> Operacional: Godoy / Língua Preta
A11: REGIONAL CAMPOS DOS GOYTACAZES - RJ | B11: Divisão Italva - RJ | D11: =CAPA!C44 -> Armas: Scherk
A12: REGIONAL CAMPOS DOS GOYTACAZES - RJ | B12: Divisão Pádua - RJ
A13: REGIONAL CAMPOS DOS GOYTACAZES - RJ | B13: Divisão Farol de São Tomé - RJ
A14: REGIONAL CAMPOS DOS GOYTACAZES - RJ | B14: Divisão Itaperuna Sul - RJ
A15: REGIONAL CAMPOS DOS GOYTACAZES - RJ | B15: Divisão Miracema - RJ
A16: REGIONAL CAMPOS DOS GOYTACAZES - RJ | B16: Divisão Porciúncula - RJ
A18: REGIONAL ESPIRITO SANTO NORTE - ES
A19: REGIONAL ESPIRITO SANTO NORTE - ES | B19: Divisão Colatina - ES
A20: REGIONAL ESPIRITO SANTO NORTE - ES | B20: Divisão Conceição da Barra - ES
A21: REGIONAL ESPIRITO SANTO NORTE - ES | B21: Divisão Serra - ES
A22: REGIONAL ESPIRITO SANTO NORTE - ES | B22: Divisão Ilha de Guriri - ES
A23: REGIONAL ESPIRITO SANTO NORTE - ES | B23: Divisão Porto Canoa - ES
A24: REGIONAL ESPIRITO SANTO NORTE - ES | B24: Divisão Jacaraípe - ES
A25: REGIONAL ESPIRITO SANTO NORTE - ES | B25: Divisão Mestre Alvaro - ES
A26: REGIONAL ESPIRITO SANTO NORTE - ES | B26: Divisão Feu Rosa - ÉS
A27: REGIONAL ESPIRITO SANTO NORTE - ES | B27: Divisão Capuba - ES
A28: REGIONAL ESPIRITO SANTO NORTE - ES | B28: Divisão Pinheiros - ES
A29: REGIONAL ESPIRITO SANTO NORTE - ES | B29: Divisão Linhares - ES
A30: REGIONAL ESPIRITO SANTO NORTE - ES | B30: Divisão Novo Horizonte - ES
A32: REGIONAL JUIZ DE FORA - MG
A33: REGIONAL JUIZ DE FORA - MG | B33: Divisão Juiz de Fora Norte - MG
A34: REGIONAL JUIZ DE FORA - MG | B34: Divisão Juiz de Fora Sul - MG
A35: REGIONAL JUIZ DE FORA - MG | B35: Divisão Juiz de Fora Oeste - MG
A36: REGIONAL JUIZ DE FORA - MG | B36: Divisão Juiz de Fora Leste - MG
A37: REGIONAL JUIZ DE FORA - MG | B37: Divisão Chácara - MG
A38: REGIONAL JUIZ DE FORA - MG | B38: Divisão Santana do Deserto - MG
A39: REGIONAL JUIZ DE FORA - MG | B39: Divisão Juiz de Fora Centro - MG
A41: REGIONAL ESPÍRITO SANTO SUL - ES
A42: REGIONAL ESPÍRITO SANTO SUL - ES | B42: Divisão Guaçui - ES (Antiga Alegre)
A43: REGIONAL ESPÍRITO SANTO SUL - ES | B43: Divisão Anchieta - ES
A44: REGIONAL ESPÍRITO SANTO SUL - ES | B44: Divisão Átilio Vivacqua - ES
A45: REGIONAL ESPÍRITO SANTO SUL - ES | B45: Divisão Guarapari - ES
A46: REGIONAL ESPÍRITO SANTO SUL - ES | B46: Divisão Itapemirim - ES
A47: REGIONAL ESPÍRITO SANTO SUL - ES | B47: Divisão Cachoeiro de Itapemirim - ES
A48: REGIONAL ESPÍRITO SANTO SUL - ES | B48: Divisão Piúma - ES
A50: REGIONAL CAMPOS DAS VERTENTES - MG
A51: REGIONAL CAMPOS DAS VERTENTES - MG | B51: Divisão Ubá - MG
A52: REGIONAL CAMPOS DAS VERTENTES - MG | B52: Divisão Cataguases - MG
A53: REGIONAL CAMPOS DAS VERTENTES - MG | B53: Divisão Rio Pomba - MG
A54: REGIONAL CAMPOS DAS VERTENTES - MG | B54: Divisão Barbacena Norte - MG
A55: REGIONAL CAMPOS DAS VERTENTES - MG | B55: Divisão Barbacena Sul - MG
A56: REGIONAL CAMPOS DAS VERTENTES - MG | B56: Divisao Muriae - MG
A57: REGIONAL CAMPOS DAS VERTENTES - MG | B57: Divisão São João Del Rey - MG
A58: REGIONAL CAMPOS DAS VERTENTES - MG | B58: Divisão Manhuaçu - MG
A59: REGIONAL CAMPOS DAS VERTENTES - MG | B59: Divisão Lajinha - MG
A60: REGIONAL CAMPOS DAS VERTENTES - MG | B60: Divisão Astolfo Dutra - MG
A62: REGIONAL VITÓRIA - ES
A63: REGIONAL VITÓRIA - ES | B63: Divisão Cariacica - ES
A64: REGIONAL VITÓRIA - ES | B64: Divisão Vitória - ES
A65: REGIONAL VITÓRIA - ES | B65: Divisão Vila Velha - ES
A66: REGIONAL VITÓRIA - ES | B66: Divisão Domingos Martins - ES
A67: REGIONAL VITÓRIA - ES | B67: Divisão Vila Velha Sul - ES

Sheet CMD XVIII
A1: VOLTAR
A2: Comando Regional XVIII | H2: *CMD REGIONAL XVIII*
A3: REGIONAL CAMPO GRANDE - MS | H3: =CAPA!D36 -> Mundial: Monge
A4: REGIONAL CAMPO GRANDE - MS | B4: Divisão Aquidauana - MS | H4: =CAPA!D37 -> Cmd Brasil: Mancha
A5: REGIONAL CAMPO GRANDE - MS | B5: Divisão Campo Grande Centro - MS | H5: =CAPA!D38 -> Disciplina: Cidão
A6: REGIONAL CAMPO GRANDE - MS | B6: Divisão Campo Grande Leste - MS | H6: =CAPA!D39 -> Inteligência: Demétrio
A7: REGIONAL CAMPO GRANDE - MS | B7: Divisão Campo Grande Norte - MS | H7: =CAPA!D40 -> Adm Cmd: Mapola
A8: REGIONAL CAMPO GRANDE - MS | B8: Divisão Campo Grande Oeste - MS | H8: =CAPA!D41 -> Expansão: Tibão / Accyoly
A9: REGIONAL CAMPO GRANDE - MS | B9: Divisão Campo Grande Sul - MS | H9: =CAPA!D42 -> Comunicação:
A10: REGIONAL CAMPO GRANDE - MS | B10: Divisão Sidrolândia - MS | H10: =CAPA!D43 -> Operacional: Roney / Bruxo
A11: REGIONAL CAMPO GRANDE - MS | B11: Divisão Campo Grande - MS | H11: =CAPA!D44 -> Armas: Dcarne
A12: REGIONAL CAMPO GRANDE - MS | B12: Divisão Maracaju - MS
A13: REGIONAL CAMPO GRANDE - MS | B13: Divisão São Gabriel do Oeste - MS
A14: REGIONAL CAMPO GRANDE - MS | B14: Divisão Ribas do Rio Pardo - MS
A16: REGIONAL DOURADOS - MS
A17: REGIONAL DOURADOS - MS | B17: Divisão Amambaí - MS
A18: REGIONAL DOURADOS - MS | B18: Divisão Dourados - MS
A19: REGIONAL DOURADOS - MS | B19: Divisão Dourados Sul - MS
A20: REGIONAL DOURADOS - MS | B20: Divisão Itaporã - MS
A21: REGIONAL DOURADOS - MS | B21: Divisão Ivinhema - MS
A22: REGIONAL DOURADOS - MS | B22: Divisão Naviraí - MS
A23: REGIONAL DOURADOS - MS | B23: Divisão Nova Andradina - MS
A24: REGIONAL DOURADOS - MS | B24: Divisão Fátima do Sul - MS
A25: REGIONAL DOURADOS - MS | B25: Divisão Douradina - MS
A27: REGIONAL TRÊS LAGOAS
A28: REGIONAL TRÊS LAGOAS | B28: Divisão Água Clara - MS
A29: REGIONAL TRÊS LAGOAS | B29: Divisão Bataguassu - MS
A30: REGIONAL TRÊS LAGOAS | B30: Divisão Selvíria - MS
A31: REGIONAL TRÊS LAGOAS | B31: Divisão Três Lagoas Norte - MS
A32: REGIONAL TRÊS LAGOAS | B32: Divisão Três Lagoas Sul - MS
A33: REGIONAL TRÊS LAGOAS | B33: Divisão Três Lagoas Oeste - MS
A34: REGIONAL TRÊS LAGOAS | B34: Divisão Aparecida do Taboado - MS
A35: REGIONAL TRÊS LAGOAS | B35: Divisão Três Lagoas Leste - MS
A37: REGIONAL JARDIM - MS
A38: REGIONAL JARDIM - MS | B38: Divisão Ponta Porã - MS
A39: REGIONAL JARDIM - MS | B39: Divisão Jardim - MS
A40: REGIONAL JARDIM - MS | B40: Divisão Bonito - MS
A41: REGIONAL JARDIM - MS | B41: Divisão Corumbá - MS
A42: REGIONAL JARDIM - MS | B42: Divisão Ladário - MS
A44: REGIONAL GUAICURUS - MS
A45: REGIONAL GUAICURUS - MS | B45: Divisão Chapadão do Céu - GO
A46: REGIONAL GUAICURUS - MS | B46: Divisão Chapadão do Sul - MS
A47: REGIONAL GUAICURUS - MS | B47: Divisão Costa Rica - MS
A48: REGIONAL GUAICURUS - MS | B48: Divisão Inocência - MS
A49: REGIONAL GUAICURUS - MS | B49: Divisão Paranaíba - MS
A50: REGIONAL GUAICURUS - MS | B50: Divisão Cassilândia - MS

Sheet CMD XIX
A1: VOLTAR
A2: Comando Regional XIX | H2: *CMD REGIONAL XIX*
A3: REGIONAL ARAXÁ - MG | H3: =CAPA!E36 -> Mundial: Diego
A4: REGIONAL ARAXÁ - MG | B4: Divisão Ibiá - MG | H4: =CAPA!E37 -> Cmd Brasil: Luís Monteiro
A5: REGIONAL ARAXÁ - MG | B5: Divisão Patrocinio - MG | H5: =CAPA!E38 -> Disciplina: Coquinho
A6: REGIONAL ARAXÁ - MG | B6: Divisão Rio Paranaíba - MG | H6: =CAPA!E39 -> Inteligência: Moreno
A7: REGIONAL ARAXÁ - MG | B7: Divisão Pratinha - MG | H7: =CAPA!E40 -> Adm Cmd: Hugo Melo
A8: REGIONAL ARAXÁ - MG | B8: Divisão Araxá Sul - MG | H8: =CAPA!E41 -> Expansão: Tibão / Marmita
A9: REGIONAL ARAXÁ - MG | B9: Divisão Araxá Norte - MG | H9: =CAPA!E42 -> Comunicação: Cruvinel
A10: REGIONAL ARAXÁ - MG | B10: Divisão Sacramento - MG | H10: =CAPA!E43 -> Operacional: Serezuello
H11: =CAPA!E44 -> Armas: Capitão
A12: REGIONAL PATOS DE MINAS - MG
A13: REGIONAL PATOS DE MINAS - MG | B13: Divisão João Pinheiro - MG
A14: REGIONAL PATOS DE MINAS - MG | B14: Divisão Patos de Minas - MG
A15: REGIONAL PATOS DE MINAS - MG | B15: Divisão Presidente Olegário - MG
A16: REGIONAL PATOS DE MINAS - MG | B16: Divisão Varjão de Minas - MG
A17: REGIONAL PATOS DE MINAS - MG | B17: Divisão Vazante - MG
A18: REGIONAL PATOS DE MINAS - MG | B18: Divisão Lagoa Formosa - MG
A19: REGIONAL PATOS DE MINAS - MG | B19: Divisão Três Marias - MG
A21: REGIONAL UBERABA - MG
A22: REGIONAL UBERABA - MG | B22: Divisão Uberaba Norte - MG
A23: REGIONAL UBERABA - MG | B23: Divisão Uberaba Sul - MG
A24: REGIONAL UBERABA - MG | B24: Divisão Frutal - MG
A25: REGIONAL ARAXÁ - MG | B25: Divisão Conceição de Alagoas - MG

Sheet CMD XX
A1: VOLTAR
A2: Comando Regional XX | D2: *CMD REGIONAL XX*
A3: REGIONAL ALTO DO TIETÊ 1 | D3: =CAPA!F36 -> Mundial: Kefir
A4: REGIONAL ALTO DO TIETÊ 1 | B4: Divisão Ferraz de Vasconcelos - SP | D4: =CAPA!F37 -> Cmd Brasil: Carioca
A5: REGIONAL ALTO DO TIETÊ 1 | B5: Divisão Poá - SP | D5: =CAPA!F38 -> Disciplina:
A6: REGIONAL ALTO DO TIETÊ 1 | B6: Divisão Suzano - SP | D6: =CAPA!F39 -> Inteligência: Daniel
A7: REGIONAL ALTO DO TIETÊ 1 | B7: Divisão Ferraz de Vasconcelos Sul - SP | D7: =CAPA!F40 -> Adm Cmd: Mapola
A8: REGIONAL ALTO DO TIETÊ 1 | B8: Divisão Poá Sul - SP | D8: =CAPA!F41 -> Expansão: Tibão / Furlan
A9: REGIONAL ALTO DO TIETÊ 1 | B9: Divisão Suzano Sul - SP | D9: =CAPA!F42 -> Comunicação:
D10: =CAPA!F43 -> Operacional: Godoy / Jinno
A11: REGIONAL ALTO DO TIETÊ 2 | D11: =CAPA!F44 -> Armas: Chico Doido
A12: REGIONAL ALTO DO TIETÊ 2 | B12: Divisão Biritiba Mirim - SP
A13: REGIONAL ALTO DO TIETÊ 2 | B13: Divisão Guararema - SP
A14: REGIONAL ALTO DO TIETÊ 2 | B14: Divisão Mogi das Cruzes Centro - SP
A15: REGIONAL ALTO DO TIETÊ 2 | B15: Divisão Sabaúna - SP
A16: REGIONAL ALTO DO TIETÊ 2 | B16: Divisão Mogi das Cruzes Sul - SP
A17: REGIONAL ALTO DO TIETÊ 2 | B17: Divisão Mogi das Cruzes Norte - SP
A18: REGIONAL ALTO DO TIETÊ 2 | B18: Divisão Mogi das Cruzes Oeste - SP
A19: REGIONAL ALTO DO TIETÊ 2 | B19: Divisão Mogi das Cruzes Extremo Sul - SP
A20: REGIONAL ALTO DO TIETÊ 2 | B20: Divisão Mogi das Cruzes Leste - SP
A22: REGIONAL ALTO DO TIETÊ 3 - SP
A23: REGIONAL ALTO DO TIETÊ 3 - SP | B23: Divisão Arujá - SP
A24: REGIONAL ALTO DO TIETÊ 3 - SP | B24: Divisão Itaquaquecetuba - SP
A25: REGIONAL ALTO DO TIETÊ 3 - SP | B25: Divisão Santa Isabel - SP
A26: REGIONAL ALTO DO TIETÊ 3 - SP | B26: Divisão Itaquaquecetuba Sul - SP
A27: REGIONAL ALTO DO TIETÊ 3 - SP | B27: Divisão Igaratá - SP
A28: REGIONAL ALTO DO TIETÊ 3 - SP | B28: Divisão Itaquaquecetuba Leste - SP
A29: REGIONAL ALTO DO TIETÊ 3 - SP | B29: Divisão Arujá Norte - SP

Sheet CMD XXI
A1: VOLTAR
A2: Comando Regional XXI | D2: *CMD REGIONAL XXI*
A3: REGIONAL ITUVERAVA - SP | D3: =CAPA!B46 -> Mundial: Roney
A4: REGIONAL ITUVERAVA - SP | B4: Divisão Guaíra - SP | D4: =CAPA!B47 -> Cmd Regional: Puro Ódio
A5: REGIONAL ITUVERAVA - SP | B5: Divisão Guará - SP | D5: =CAPA!B48 -> Disciplina: Machete
A6: REGIONAL ITUVERAVA - SP | B6: Divisão Igarapava - SP | D6: =CAPA!B49 -> Inteligência: Roney
A7: REGIONAL ITUVERAVA - SP | B7: Divisão Ipuã - SP | D7: =CAPA!B50 -> Adm Cmd: Mapola
A8: REGIONAL ITUVERAVA - SP | B8: Divisão Ituverava - SP | D8: =CAPA!B51 -> Expansão: Tibão / Furlan
A9: REGIONAL ITUVERAVA - SP | B9: Divisão Miguelópolis - SP | D9: =CAPA!B52 -> Comunicação: Chris Jr
A10: REGIONAL ITUVERAVA - SP | B10: Divisão Orlandia - SP | D10: =CAPA!B53 -> Operacional: Viking
A11: REGIONAL ITUVERAVA - SP | B11: Divisão São Joaquim da Barra - SP | D11: =CAPA!B54 -> Armas: Odin
A12: REGIONAL ITUVERAVA - SP | B12: Divisão Nuporanga - SP
A14: REGIONAL JABOTICABAL - SP
A15: REGIONAL JABOTICABAL - SP | B15: Divisão Bebedouro - SP
A16: REGIONAL JABOTICABAL - SP | B16: Divisão Guariba - SP
A17: REGIONAL JABOTICABAL - SP | B17: Divisão Ibitinga - SP
A18: REGIONAL JABOTICABAL - SP | B18: Divisão Jaboticabal - SP
A19: REGIONAL JABOTICABAL - SP | B19: Divisão Taquaritinga - SP
A20: REGIONAL JABOTICABAL - SP | B20: Divisão Cidade Pitangueiras - SP
A22: REGIONAL RIBEIRÃO PRETO
A23: REGIONAL RIBEIRÃO PRETO | B23: Divisão Batatais - SP
A24: REGIONAL RIBEIRÃO PRETO | B24: Divisao Ribeirao Preto Centro - SP
A25: REGIONAL RIBEIRÃO PRETO | B25: Divisão Sertãozinho - SP
A26: REGIONAL RIBEIRÃO PRETO | B26: Divisão Cravinhos- SP
A27: REGIONAL RIBEIRÃO PRETO | B27: Divisao Ribeirao Preto Norte - SP
A28: REGIONAL RIBEIRÃO PRETO | B28: Divisao Ribeirao Preto Sul - SP
A29: REGIONAL RIBEIRÃO PRETO | B29: Divisao Ribeirao Preto Leste - SP
A30: REGIONAL RIBEIRÃO PRETO | B30: Divisao Ribeirao Preto Oeste - SP
A31: REGIONAL RIBEIRÃO PRETO | B31: Divisão Bonfim Paulista - SP
A33: REGIONAL FRANCA - SP
A34: REGIONAL FRANCA - SP | B34: Divisão Claraval - MG
A35: REGIONAL FRANCA - SP | B35: Divisão Cristais Paulista - SP
A36: REGIONAL FRANCA - SP | B36: Divisão Franca - SP
A37: REGIONAL FRANCA - SP | B37: Divisão Patrocínio Paulista - SP
A38: REGIONAL FRANCA - SP | B38: Divisão Pedregulho - SP
A40: REGIONAL ARARAQUARA - SP
A41: REGIONAL ARARAQUARA - SP | B41: Divisão Araraquara - SP
A42: REGIONAL ARARAQUARA - SP | B42: Divisão Américo Brasiliense - SP
A43: REGIONAL ARARAQUARA - SP | B43: Divisão Matão - SP
A44: REGIONAL ARARAQUARA - SP | B44: Divisão Boa Esperança do Sul - SP

Sheet CMD XXII
A1: VOLTAR
A2: Comando Regional XXII | D2: *CMD REGIONAL XXII*
A3: REGIONAL SP4 - OESTE | D3: =CAPA!C46 -> Representante: K
A4: REGIONAL SP4 - OESTE | B4: Divisão Extremo Oeste - SP4 | D4: =CAPA!C47 -> Cmd Regional: Seu Nelson
A5: REGIONAL SP4 - OESTE | B5: Divisão Oeste - SP4 | D5: =CAPA!C48 -> Disciplina:
A6: REGIONAL SP4 - OESTE | B6: Divisão Extremo Norte - SP4 | D6: =CAPA!C49 -> Inteligência: Fico
A7: REGIONAL SP4 - OESTE | B7: Divisão Norte - SP4 | D7: =CAPA!C50 -> Adm Cmd Br: Sola
A8: REGIONAL SP4 - OESTE | B8: Divisão Leste - SP4 | D8: =CAPA!C51 -> Expansão: Tibão / Adeilson
A9: REGIONAL SP4 - OESTE | B9: Divisão Sul - SP4 | D9: =CAPA!C52 -> Comunicação:
D10: =CAPA!C53 -> Operacional: Ted / Ceirão
A11: REGIONAL SP6 | D11: =CAPA!C54 -> Armas: Magirus
A12: REGIONAL SP6 | B12: Divisão Norte - SP6
A13: REGIONAL SP6 | B13: Divisão Sul - SP6
A14: REGIONAL SP6 | B14: Divisão Oeste - SP6
A15: REGIONAL SP6 | B15: Divisão Leste - SP6
A16: REGIONAL SP6 | B16: Divisão Extremo Norte - SP6
A17: REGIONAL SP6 | B17: Divisão Extremo Leste - SP6
A19: REGIONAL SP8
A20: REGIONAL SP8 | B20: Divisão Norte - SP8
A21: REGIONAL SP8 | B21: Divisão Sul - SP8
A22: REGIONAL SP8 | B22: Divisão Oeste - SP8
A23: REGIONAL SP8 | B23: Divisão Leste - SP8
A24: REGIONAL SP8 | B24: Divisão Centro - SP8
A25: REGIONAL SP8 | B25: Divisão Extremo Oeste - SP8
A26: REGIONAL SP8 | B26: Divisão Extremo Sul - SP8
A27: REGIONAL SP8 | B27: Divisão Extremo Norte - SP8
A28: REGIONAL SP8 | B28: Divisão Extremo Leste - SP8
A30: REGIONAL SP11
A31: REGIONAL SP11 | B31: Divisão Sul - SP11
A32: REGIONAL SP11 | B32: Divisão Leste - SP11
A33: REGIONAL SP11 | B33: Divisão Extremo Sul - SP11
A34: REGIONAL SP11 | B34: Divisão Extremo Leste - SP11
A35: REGIONAL SP11 | B35: Divisão Norte - SP11
A36: REGIONAL SP11 | B36: Divisão Oeste - SP11
A37: REGIONAL SP11 | B37: Divisão Centro - SP11
A39: REGIONAL SP12
A40: REGIONAL SP12 | B40: Divisão Centro - SP12
A41: REGIONAL SP12 | B41: Divisão Extremo Leste - SP12
A42: REGIONAL SP12 | B42: Divisão Extremo Sul - SP12
A43: REGIONAL SP12 | B43: Divisão Extremo Norte - SP12

Sheet CMD XXIII
A1: VOLTAR
A2: Comando Regional XXIII | D2: *CMD REGIONAL XXIII*
A3: REGIONAL SP7 | D3: =CAPA!D46 -> Mundial: Dabota
A4: REGIONAL SP7 | B4: Divisão Grajaú - SP7 | D4: =CAPA!D47 -> Cmd Brasil: Mion
A5: REGIONAL SP7 | B5: Divisão Interlagos - SP7 | D5: =CAPA!D48 -> Disciplina: Coquinho
A6: REGIONAL SP7 | B6: Divisão Parelheiros - SP7 | D6: =CAPA!D49 -> Inteligência: Zelde
A7: REGIONAL SP7 | B7: Divisão Pedreira - SP7 | D7: =CAPA!D50 -> Adm Cmd Br: Sola
A8: REGIONAL SP7 | B8: Divisão Rio Bonito - SP7 | D8: =CAPA!D51 -> Expansão: Tibão / Kracoldo
A9: REGIONAL SP7 | B9: Divisão Santo Amaro - SP7 | D9: =CAPA!D52 -> Comunicação:
A10: REGIONAL SP7 | B10: Divisão Cupecê - SP7 | D10: =CAPA!D53 -> Operacional: Roney / Lek
A11: REGIONAL SP7 | B11: Divisão Embu-Guaçu - SP7
A13: REGIONAL SP1 - SUL
A14: REGIONAL SP1 - SUL | B14: Divisão Extremo Leste - SP1
A15: REGIONAL SP1 - SUL | B15: Divisão Extremo Norte - SP1
A16: REGIONAL SP1 - SUL | B16: Divisão Extremo Sul - SP1
A17: REGIONAL SP1 - SUL | B17: Divisão Leste - SP1
A18: REGIONAL SP1 - SUL | B18: Divisão Centro - SP1
A19: REGIONAL SP1 - SUL
A20: REGIONAL SP14
A21: REGIONAL SP14 | B21: Divisão Norte - SP14
A22: REGIONAL SP14 | B22: Divisão Sul - SP14
A23: REGIONAL SP14 | B23: Divisão Oeste - SP14
A24: REGIONAL SP14 | B24: Divisão Extremo Oeste - SP14
A25: REGIONAL SP14 | B25: Divisão Extremo Sul - SP14
A26: REGIONAL SP14 | B26: Divisão Leste - SP14
A28: REGIONAL SP16
A29: REGIONAL SP16 | B29: Divisão São Luís - SP16
A30: REGIONAL SP16 | B30: Divisão Jardim Angela - SP16
A31: REGIONAL SP16 | B31: Divisão Guarapiranga - SP16
A32: REGIONAL SP16 | B32: Divisão Vila das Belezas - SP16

Sheet I.S.S.I
F26: -

Sheet CMD XXV
A1: VOLTAR
A2: COMANDO REGIONAL XXV | D2: *CMD REGIONAL XXV*
A3: REGIONAL LITORAL SUL I - SP | D3: =CAPA!F46 -> Mundial: Diego
A4: REGIONAL LITORAL SUL I - SP | B4: Divisão São Vicente - SP | D4: =CAPA!F47 -> Cmd Regional: Molezinha
A5: REGIONAL LITORAL SUL I - SP | B5: Divisao Praia Grande - SP | D5: =CAPA!F48 -> Disciplina: Igão
A6: REGIONAL LITORAL SUL I - SP | B6: Divisão São Vicente Norte - SP | D6: =CAPA!F49 -> Inteligência: Chaves
A7: REGIONAL LITORAL SUL I - SP | B7: Divisão Praia Grande Sul - SP | D7: =CAPA!F50 -> Adm Cmd Br: Dead
A8: REGIONAL LITORAL SUL I - SP | B8: Divisão Praia Grande Norte - SP | D8: =CAPA!F51 -> Expansão: Tibão / Fonseca
A9: REGIONAL LITORAL SUL I - SP | B9: Divisão São Vicente Sul - SP | D9: =CAPA!F52 -> Comunicação:
D10: =CAPA!F53 -> Operacional: Mesquita
A11: REGIONAL LITORAL SUL II - SP | D11: =CAPA!F54 -> Armas: Rocha
A12: REGIONAL LITORAL SUL II - SP | B12: Divisão Mongaguá - SP
A13: REGIONAL LITORAL SUL II - SP | B13: Divisão Itanhaém - SP
A14: REGIONAL LITORAL SUL II - SP | B14: Divisao Peruibe - SP
A15: REGIONAL LITORAL SUL II - SP | B15: Divisão Pedro de Toledo - SP
A16: REGIONAL LITORAL SUL II - SP | B16: Divisão Itariri - SP
A18: REGIONAL LITORAL SUL III - SP
A19: REGIONAL LITORAL SUL III - SP | B19: Divisão Bertioga - SP
A20: REGIONAL LITORAL SUL III - SP | B20: Divisão Guarujá - SP
A21: REGIONAL LITORAL SUL III - SP | B21: Divisao Santos - SP
A22: REGIONAL LITORAL SUL III - SP | B22: Divisão Cubatão Norte - SP
A23: REGIONAL LITORAL SUL III - SP | B23: Divisão Cubatão Sul - SP
A24: REGIONAL LITORAL SUL III - SP | B24: Divisao Santos Noroeste - SP
A26: REGIONAL VALE DO RIBEIRA - SP
A27: REGIONAL VALE DO RIBEIRA - SP | B27: Divisão Registro - SP
A28: REGIONAL VALE DO RIBEIRA - SP | B28: Divisão Iguape - SP
A29: REGIONAL VALE DO RIBEIRA - SP | B29: Divisão Cajati - SP
A30: REGIONAL VALE DO RIBEIRA - SP | B30: Divisão Eldorado - SP
A31: REGIONAL VALE DO RIBEIRA - SP | B31: Divisão Sete Barras - SP
A32: REGIONAL VALE DO RIBEIRA - SP | B32: Divisão Apiaí - SP
A33: REGIONAL VALE DO RIBEIRA - SP | B33: Divisão Cananéia - SP

Sheet CMD XXVI
A1: VOLTAR
A2: COMANDO REGIONAL XXVI | D2: *CMD REGIONAL XXVI*
A3: REGIONAL SP2 - NORTE | D3: =CAPA!B56 -> Mundial: Monge
A4: REGIONAL SP2 - NORTE | B4: Divisão Leste - SP2 | D4: =CAPA!B57 -> Cmd Regional: Fuse
A5: REGIONAL SP2 - NORTE | B5: Divisão Oeste - SP2 | D5: =CAPA!B58 -> Disciplina:
A6: REGIONAL SP2 - NORTE | B6: Divisão Sul - SP2 | D6: =CAPA!B59 -> Inteligência: Chefão
A7: REGIONAL SP2 - NORTE | B7: Divisão Norte - SP2 | D7: =CAPA!B60 -> Adm Cmd Br: Sola
A8: REGIONAL SP2 - NORTE | B8: Divisão Centro - SP2 | D8: =CAPA!B61 -> Expansão: Tibão / Bomba
D9: =CAPA!B62 -> Comunicação:
A10: REGIONAL SP9 | D10: =CAPA!B63 -> Operacional: Ted / Kratos
A11: REGIONAL SP9 | B11: Divisão Norte - SP9 | D11: =CAPA!B64 -> Armas: Belloto
A12: REGIONAL SP9 | B12: Divisão Centro - SP9
A13: REGIONAL SP9 | B13: Divisão Extremo Norte - SP9
A14: REGIONAL SP9 | B14: Divisão Extremo Leste - SP9
A15: REGIONAL SP9 | B15: Divisão Sul - SP9
A16: REGIONAL SP9 | B16: Divisão Oeste - SP9
A17: REGIONAL SP9 | B17: Divisão Leste - SP9
A18: REGIONAL SP9 | B18: Divisão Extremo Oeste - SP9
A19: REGIONAL SP9 | B19: Divisão Extremo Sul - SP9
A21: REGIONAL SP17
A22: REGIONAL SP17 | B22: Divisão Sul - SP17 (X-Sul)
A23: REGIONAL SP17 | B23: Divisão Oeste - SP17 (X-Oeste)
A24: REGIONAL SP17 | B24: Divisão Centro - SP17
A25: REGIONAL SP17 | B25: Divisão Norte - SP17

Sheet CMD XXVII
A1: VOLTAR
A2: COMANDO REGIONAL XXVII | D2: *CMD REGIONAL XXVII*
A3: REGIONAL POUSO ALEGRE - MG | D3: =CAPA!C56 -> Mundial: Bin
A4: REGIONAL POUSO ALEGRE - MG | B4: Divisão Pouso Alegre Centro - MG | D4: =CAPA!C57 -> Cmd Regional: Donizete
A5: REGIONAL POUSO ALEGRE - MG | B5: Divisão Itajubá - MG | D5: =CAPA!C58 -> Disciplina: Filipe
A6: REGIONAL POUSO ALEGRE - MG | B6: Divisão Pouso Alegre Sul - MG | D6: =CAPA!C59 -> Inteligência: Dias
A7: REGIONAL POUSO ALEGRE - MG | B7: Divisão Congonhal - MG | D7: =CAPA!C60 -> Adm Cmd: Brow
A8: REGIONAL POUSO ALEGRE - MG | B8: Divisão Santa Rita do Sapucaí - MG | D8: =CAPA!C61 -> Expansão: Tibão / Fonseca
A9: REGIONAL POUSO ALEGRE - MG | B9: Divisão Borda da Mata - MG | D9: =CAPA!C62 -> Comunicação: Barney
A10: REGIONAL POUSO ALEGRE - MG | B10: Divisão Paraisópolis - MG | D10: =CAPA!C63 -> Operacional: Ted / Danilo
D11: =CAPA!C64 -> Armas: Barba Branca
A12: REGIONAL VARGINHA - MG
A13: REGIONAL VARGINHA - MG | B13: Divisão Varginha Centro - MG
A14: REGIONAL VARGINHA - MG | B14: Divisão Varginha Sul - MG
A15: REGIONAL VARGINHA - MG | B15: Divisão São Tomé das Letras- MG
A16: REGIONAL VARGINHA - MG | B16: Divisão São Lourenço - MG
A17: REGIONAL VARGINHA - MG | B17: Divisão Aiuruoca - MG
A18: REGIONAL VARGINHA - MG | B18: Divisão Caxambu - MG
A19: REGIONAL VARGINHA - MG | B19: Divisão Varginha Norte - MG
A21: REGIONAL EXTREMA - MG
A22: REGIONAL EXTREMA - MG | B22: Divisão Extrema - MG
A23: REGIONAL EXTREMA - MG | B23: Divisão Camanducaia - MG
A24: REGIONAL EXTREMA - MG | B24: Divisão Toledo - MG
A25: REGIONAL EXTREMA - MG | B25: Divisão Cambuí - MG
A26: REGIONAL EXTREMA - MG | B26: Divisão Vargem - SP
A28: REGIONAL LAVRAS - MG
A29: REGIONAL LAVRAS - MG | B29: Divisão Lavras - MG
A30: REGIONAL LAVRAS - MG | B30: Divisão Três Pontas - MG
A31: REGIONAL LAVRAS - MG | B31: Divisão Santo Antônio Amparo - MG
A32: REGIONAL LAVRAS - MG | B32: Divisão Campos Gerais - MG
A33: REGIONAL LAVRAS - MG | B33: Divisão Alfenas - MG

Sheet CMD XXVIII
A1: VOLTAR
A2: COMANDO REGIONAL XXVIII | D2: *CMD REGIONAL XXVIII*
A3: REGIONAL COTIA I - SP | D3: =CAPA!D56 -> Mundial: Eusimio
A4: REGIONAL COTIA I - SP | B4: Divisão Cotia I Oeste - SP | D4: =CAPA!D57 -> Cmd Brasil: Trigão
A5: REGIONAL COTIA I - SP | B5: Divisão Cotia I Centro - SP | D5: =CAPA!D58 -> Disciplina: Dantas
A6: REGIONAL COTIA I - SP | B6: Divisão Cotia I Sul - SP | D6: =CAPA!D59 -> Inteligência: Reis (Kaveira)
A7: REGIONAL COTIA I - SP | B7: Divisão Granja Viana - SP | D7: =CAPA!D60 -> Adm Cmd: Cabelo
D8: =CAPA!D61 -> Expansão: Tibão / Jeferson
A9: REGIONAL COTIA II | D9: =CAPA!D62 -> Comunicação: Chris Jr
A10: REGIONAL COTIA II - SP | B10: Divisão Cotia II Norte - SP | D10: =CAPA!D63 -> Operacional: Panda
A11: REGIONAL COTIA II - SP | B11: Divisão Caucaia do Alto Norte - SP | D11: =CAPA!D64 -> Armas: Pocoyo
A12: REGIONAL COTIA II - SP | B12: Divisão Vargem Grande Paulista Norte - SP
A13: REGIONAL COTIA II - SP | B13: Divisão Vargem Grande Paulista Sul - SP
A14: REGIONAL COTIA II - SP | B14: Divisão Caucaia do Alto Sul - SP
A16: REGIONAL COTIA III - SP
A17: REGIONAL COTIA III - SP | B17: Divisão Cotia III Leste - SP (Antiga Cotia I)
A18: REGIONAL COTIA III - SP | B18: Divisão Cotia III Norte - SP (Antiga Cotia I)
A19: REGIONAL COTIA III - SP | B19: Divisão Cotia III Centro - SP (Antiga Cotia II)
A20: REGIONAL COTIA III - SP | B20: Divisão Cotia III Sul - SP (Antiga Cotia II)
A22: REGIONAL ITAPEVI - SP
A23: REGIONAL ITAPEVI - SP | B23: Divisão Itapevi Centro - SP
A24: REGIONAL ITAPEVI - SP | B24: Divisão Itapevi Norte - SP
A25: REGIONAL ITAPEVI - SP | B25: Divisão Itapevi Sul - SP
A26: REGIONAL ITAPEVI - SP | B26: Divisão Itapevi Oeste - SP
A27: REGIONAL ITAPEVI - SP | B27: Divisão Itapevi Leste - SP
A29: REGIONAL JANDIRA - SP
A30: REGIONAL JANDIRA - SP | B30: Divisão Jandira Centro - SP
A31: REGIONAL JANDIRA - SP | B31: Divisão Jandira Norte - SP
A32: REGIONAL JANDIRA - SP | B32: Divisão Jandira Sul - SP
A33: REGIONAL JANDIRA - SP | B33: Divisão Jandira Oeste - SP

Sheet CMD XXIX
A1: VOLTAR
A2: COMANDO REGIONAL XXIX | D2: *CMD REGIONAL XXIX*
A3: REGIONAL NORTE DO PARANÁ | D3: =CAPA!E56 -> Mundial: Eusimio
A4: REGIONAL NORTE DO PARANÁ | B4: Divisão Campo Mourão Norte - PR | D4: =CAPA!E57 -> Cmd Brasil: Marquinhos
A5: REGIONAL NORTE DO PARANÁ | B5: Divisão Umuarama Oeste - PR | D5: =CAPA!E58 -> Disciplina: Filipe
A6: REGIONAL NORTE DO PARANÁ | B6: Divisão Cianorte - PR | D6: =CAPA!E59 -> Inteligência: Fico
A7: REGIONAL NORTE DO PARANÁ | B7: Divisão Umuarama Leste - PR | D7: =CAPA!E60 -> Adm Cmd: Hugo Melo
A8: REGIONAL NORTE DO PARANÁ | B8: Divisão Campo Mourão Sul - PR | D8: =CAPA!E61 -> Expansão: Tibão / Sniper
A9: REGIONAL NORTE DO PARANÁ | B9: Divisão Goioerê - PR | D9: =CAPA!E62 -> Comunicação:
A10: REGIONAL NORTE DO PARANÁ | B10: Divisão Peabiru - PR | D10: =CAPA!E63 -> Operacional: Ted / Dias
A11: REGIONAL NORTE DO PARANÁ | B11: Divisão Cidade Gaúcha - PR | D11: =CAPA!E64 -> Armas: Santinão
A12: REGIONAL NORTE DO PARANÁ | B12: Divisão Jataizinho - PR
A13: REGIONAL NORTE DO PARANÁ | B13: Divisão Rondon - PR
A14: REGIONAL NORTE DO PARANÁ | B14: Divisão Astorga - PR
A16: REGIONAL VALE DO IVAÍ
A17: REGIONAL VALE DO IVAÍ | B17: Divisão Paranavaí Norte - PR (Antiga Paranavaí)
A18: REGIONAL VALE DO IVAÍ | B18: Divisão Terra Rica - PR
A19: REGIONAL VALE DO IVAÍ | B19: Divisão Santa Cruz de Monte Castelo - PR
A20: REGIONAL VALE DO IVAÍ | B20: Divisão São Carlos do Ivaí - PR
A21: REGIONAL VALE DO IVAÍ | B21: Divisão Alto do Paraná - PR
A22: REGIONAL VALE DO IVAÍ | B22: Divisão Paranavaí Sul - PR
A23: REGIONAL VALE DO IVAÍ | B23: Divisão Nova Esperança - PR
A25: REGIONAL MARINGÁ - PR
A26: REGIONAL MARINGÁ - PR | B26: Divisão Mandaguari - PR
A27: REGIONAL MARINGÁ - PR | B27: Divisão Maringá Oeste - PR
A28: REGIONAL MARINGÁ - PR | B28: Divisão Maringá Norte - PR
A29: REGIONAL MARINGÁ - PR | B29: Divisão Maringá Sul - PR
A30: REGIONAL MARINGÁ - PR | B30: Divisão Maringá Leste - PR
A31: REGIONAL MARINGÁ - PR | B31: Divisão Sarandi - PR
A32: REGIONAL MARINGÁ - PR | B32: Divisão Santo Inácio - PR
A33: REGIONAL MARINGÁ - PR | B33: Divisão Marialva - PR
A34: REGIONAL MARINGÁ - PR | B34: Divisão Floresta - PR

Sheet CMD XXX
A1: VOLTAR
A2: COMANDO REGIONAL XXX | D2: *CMD REGIONAL XXX*
A3: REGIONAL ITAPETININGA | D3: =CAPA!F56 -> Representante: K
A4: REGIONAL ITAPETININGA | B4: Divisão Alambari - SP | D4: =CAPA!F57 -> Cmd Brasil: André Meira
A5: REGIONAL ITAPETININGA | B5: Divisao Guareí - SP | D5: =CAPA!F58 -> Disciplina: Igão
A6: REGIONAL ITAPETININGA | B6: Divisão Itapetininga Norte - SP | D6: =CAPA!F59 -> Inteligência: Beto
A7: REGIONAL ITAPETININGA | B7: Divisão Tatuí - SP | D7: =CAPA!F60 -> Adm Cmd: Joohnny
A8: REGIONAL ITAPETININGA | B8: Divisão Itapetininga Oeste - SP | D8: =CAPA!F61 -> Expansão: Tibão / Adeilson
A9: REGIONAL ITAPETININGA | B9: Divisão Angatuba - SP | D9: =CAPA!F62 -> Comunicação: Chris Jr
A10: REGIONAL ITAPETININGA | B10: Divisão Sarapuí - SP | D10: =CAPA!F63 -> Operacional: Damásio
A11: REGIONAL ITAPETININGA | B11: Divisão Itapetininga Centro - SP | D11: =CAPA!F64 -> Armas: Miro
A12: REGIONAL ITAPETININGA | B12: Divisão Capão Bonito - SP
A13: REGIONAL ITAPETININGA | B13: Divisão Ribeirão Grande - SP
A14: REGIONAL ITAPETININGA | B14: Divisão Guapiara - SP
A15: REGIONAL ITAPETININGA | B15: Divisão Itapetininga Sul - SP
A17: REGIONAL ITAPEVA
A18: REGIONAL ITAPEVA | B18: Divisão Itapeva - SP
A19: REGIONAL ITAPEVA | B19: Divisão Buri - SP
A20: REGIONAL ITAPEVA | B20: Divisão Itararé Norte - SP
A21: REGIONAL ITAPEVA | B21: Divisão Itaberá - SP
A22: REGIONAL ITAPEVA | B22: Divisão Taquarivarí - SP
A23: REGIONAL ITAPEVA | B23: Divisão Itapeva Sul - SP
A24: REGIONAL ITAPEVA | B24: Divisão Itararé Sul - SP
A25: REGIONAL ITAPEVA | B25: Divisão Itapeva Leste - SP
A26: REGIONAL ITAPEVA | B26: Divisão Ribeirão Branco - SP
A28: REGIONAL SALTO DE PIRAPORA - SP
A29: REGIONAL SALTO DE PIRAPORA - SP | B29: Divisão Piedade - SP
A30: REGIONAL SALTO DE PIRAPORA - SP | B30: Divisão Araçoiaba da Serra - SP
A31: REGIONAL SALTO DE PIRAPORA - SP | B31: Divisão Salto de Pirapora - SP
A32: REGIONAL SALTO DE PIRAPORA - SP | B32: Divisão Pilar do Sul - SP
A33: REGIONAL SALTO DE PIRAPORA - SP | B33: Divisão Tapiraí - SP
A34: REGIONAL SALTO DE PIRAPORA - SP | B34: Divisão São Miguel Arcanjo - SP

Sheet CMD XXXI
A1: VOLTAR
A2: Comando Regional XXXI | D2: CMD REGIONAL XXXI
A3: REGIONAL CUIABÁ | D3: =CAPA!B66 -> Mundial: Roney
A4: REGIONAL CUIABÁ | B4: Divisão Barra do Garças - MT | D4: =CAPA!B67 -> Cmd Brasil: Juca Bala
A5: REGIONAL CUIABÁ | B5: Divisão Cuiabá - MT | D5: =CAPA!B68 -> Disciplina: Henrique
A6: REGIONAL CUIABÁ | B6: Divisão Tangará da Serra - MT | D6: =CAPA!B69 -> Inteligência: Daniel
A7: REGIONAL CUIABÁ | B7: Divisão Várzea Grande - MT | D7: =CAPA!B70 -> Adm Cmd: Fabão
A8: REGIONAL CUIABÁ | B8: Divisão Rondonópolis - MT | D8: =CAPA!B71 -> Expansão: Tibão / Jeferson
D9: =CAPA!B72 -> Comunicação:
A10: REGIONAL SINOP | D10: =CAPA!B73 -> Operacional: Santiago
A11: REGIONAL SINOP | B11: Divisão Alta Floresta - MT | D11: =CAPA!B74 -> Armas: Sullivan
A12: REGIONAL SINOP | B12: Divisão Lucas do Rio Verde - MT
A13: REGIONAL SINOP | B13: Divisão Nova Mutum - MT
A14: REGIONAL SINOP | B14: Divisão Sinop - MT
A15: REGIONAL SINOP | B15: Divisão Sorriso - MT
A16: REGIONAL SINOP | B16: Divisão Colíder - MT
A17: REGIONAL SINOP | B17: Divisão Sorriso Centro - MT
A18: REGIONAL SINOP | B18: Divisão Ipiranga do Norte - MT
A19: REGIONAL SINOP | B19: Divisão Apiacás - MT
A20: REGIONAL SINOP | B20: Divisão Sinop Centro - MT
A21: REGIONAL SINOP | B21: Divisão Guarantã do Norte - MT
A22: REGIONAL SINOP | B22: Divisão Terra Nova - MT
A23: REGIONAL SINOP | B23: Divisão Vera - MT
A25: REGIONAL RONDÔNIA
A26: REGIONAL RONDÔNIA | B26: Divisão Cacoal - RO
A27: REGIONAL RONDÔNIA | B27: Divisão Pimenta Bueno - RO
A28: REGIONAL RONDÔNIA | B28: Divisão Porto Velho - RO
A29: REGIONAL RONDÔNIA | B29: Divisão Ariquemes - RO (Antiga Div. Rondônia)
A30: REGIONAL RONDÔNIA | B30: Divisão Vilhena - RO
A31: REGIONAL RONDÔNIA | B31: Divisão Jí-Paraná - RO
A33: REGIONAL BRASNORTE - MT
A34: REGIONAL BRASNORTE - MT | B34: Divisão Juína - MT
A35: REGIONAL BRASNORTE - MT | B35: Divisão Juara - MT
A36: REGIONAL BRASNORTE - MT | B36: Divisão Brasnorte - MT
A37: REGIONAL BRASNORTE - MT | B37: Divisão Campo Novo do Parecis - MT
A38: REGIONAL BRASNORTE - MT | B38: Divisão Colniza - MT

Sheet CMD XXXII
A1: VOLTAR
A2: Comando Regional XXXII | D2: CMD REGIONAL XXXII
A3: REGIONAL BAHIA I | D3: =CAPA!C66 -> Mundial: Baptista
A4: REGIONAL BAHIA I (Antiga Nordeste V) | B4: Divisão Camaçari - BA | D4: =CAPA!C67 -> Cmd Brasil: Fabera
A5: REGIONAL BAHIA I (Antiga Nordeste V) | B5: Divisão Feira de Santana - BA | D5: =CAPA!C68 -> Disciplina: Brito
A6: REGIONAL BAHIA I (Antiga Nordeste V) | B6: Divisão Paulo Afonso - BA | D6: =CAPA!C69 -> Inteligência: Custódio
A7: REGIONAL BAHIA I (Antiga Nordeste V) | B7: Divisão Salvador - BA | D7: =CAPA!C70 -> Adm Cmd: Fabão
A8: REGIONAL BAHIA I (Antiga Nordeste V) | B8: Divisão Ribeira do Pombal - BA | D8: =CAPA!C71 -> Expansão: Tibão / Bomba
A9: REGIONAL BAHIA I (Antiga Nordeste V) | B9: Divisão Jacobina - BA | D9: =CAPA!C72 -> Comunicação:
A10: REGIONAL BAHIA I (Antiga Nordeste V) | B10: Divisão Pilar - BA | D10: =CAPA!C73 -> Operacional: Adson
A11: REGIONAL BAHIA I (Antiga Nordeste V) | B11: Divisão Salvador Norte - BA | D11: =CAPA!C74 -> Armas: Pianezolla
A12: REGIONAL BAHIA I (Antiga Nordeste V) | B12: Divisão Serrinha - BA
A13: REGIONAL BAHIA I (Antiga Nordeste V) | B13: Divisão Lauro de Freitas - BA
A14: REGIONAL BAHIA I (Antiga Nordeste V) | B14: Divisão Salvador Leste - BA
A15: REGIONAL BAHIA I (Antiga Nordeste V) | B15: Divisão Itaberaba - BA
A16: REGIONAL BAHIA I (Antiga Nordeste V) | B16: Divisão Valença - BA
A17: REGIONAL BAHIA I (Antiga Nordeste V) | B17: Divisão Salvador Litoral - BA
A18: REGIONAL BAHIA I (Antiga Nordeste V) | B18: Divisão Juazeiro - BA
A19: REGIONAL BAHIA I (Antiga Nordeste V) | B19: Divisão Jequié - BA
A20: REGIONAL BAHIA I (Antiga Nordeste V) | B20: Divisão Dias Dávila - BA
A22: REGIONAL BAHIA II
A23: REGIONAL BAHIA II (Antiga Nordeste VIII) | B23: Divisão Barreiras - BA
A24: REGIONAL BAHIA II (Antiga Nordeste VIII) | B24: Divisão Luis Eduardo Magalhães - BA
A25: REGIONAL BAHIA II (Antiga Nordeste VIII) | B25: Divisão Santa Maria da Vitória - BA
A26: REGIONAL BAHIA II (Antiga Nordeste VIII) | B26: Divisão Serra Dourada - BA
A27: REGIONAL BAHIA II (Antiga Nordeste VIII) | B27: Divisão Barreiras Norte - BA
A28: REGIONAL BAHIA II (Antiga Nordeste VIII) | B28: Divisão Barreiras Sul - BA
A29: REGIONAL BAHIA II (Antiga Nordeste VIII) | B29: Divisão Correntina - BA
A30: REGIONAL BAHIA II (Antiga Nordeste VIII) | B30: Divisão Bom Jesus da Lapa - BA
A31: REGIONAL BAHIA II (Antiga Nordeste VIII) | B31: Divisão Seabra - BA
A32: REGIONAL BAHIA II (Antiga Nordeste VIII) | B32: Divisão Posse - GO
A33: REGIONAL BAHIA II (Antiga Nordeste VIII) | B33: Divisão Irecê - BA
A35: REGIONAL BAHIA III
A36: REGIONAL BAHIA III (Antiga Nordeste XI) | B36: Divisão Vitória da Conquista - BA
A37: REGIONAL BAHIA III (Antiga Nordeste XI) | B37: Divisão Ilhéus - BA
A38: REGIONAL BAHIA III (Antiga Nordeste XI) | B38: Divisão Porto Seguro - BA
A39: REGIONAL BAHIA III (Antiga Nordeste XI) | B39: Divisão Santa Cruz de Cabralia - BA
A40: REGIONAL BAHIA III (Antiga Nordeste XI) | B40: Divisão Eunápolis - BA
A41: REGIONAL BAHIA III (Antiga Nordeste XI) | B41: Divisão Planalto - BA
A42: REGIONAL BAHIA III (Antiga Nordeste XI) | B42: Divisão Guanambi - BA
A43: REGIONAL BAHIA III (Antiga Nordeste XI) | B43: Divisão Caetité - BA
A44: REGIONAL BAHIA III (Antiga Nordeste XI) | B44: Divisão Arraial d'Ajuda - BA
A45: REGIONAL BAHIA III (Antiga Nordeste XI) | B45: Divisão Macaúbas - BA
A46: REGIONAL BAHIA III (Antiga Nordeste XI) | B46: Divisão Brumado - BA

Sheet CMD XXXIII
A1: VOLTAR
A2: Comando Regional XXXIII
A3: REGIONAL CAMPOS GERAIS - PR | D3: CMD REGIONAL XXXIII
A4: REGIONAL CAMPOS GERAIS - PR | B4: Divisão Jaguariaiva - PR | D4: =CAPA!D66 -> Mundial: Baptista
A5: REGIONAL CAMPOS GERAIS - PR | B5: Divisão Reserva - PR | D5: =CAPA!D67 -> Cmd Brasil: Brasil
A6: REGIONAL CAMPOS GERAIS - PR | B6: Divisão Arapoti - PR | D6: =CAPA!D68 -> Disciplina: Dantas
A7: REGIONAL CAMPOS GERAIS - PR | B7: Divisão Wenceslau Braz - PR | D7: =CAPA!D69 -> Inteligência: Fico
A8: REGIONAL CAMPOS GERAIS - PR | B8: Divisão Reserva II - PR | D8: =CAPA!D70 -> Adm Cmd: Hugo Melo
A9: REGIONAL CAMPOS GERAIS - PR | B9: Divisão Siqueira Campos - PR | D9: =CAPA!D71 -> Expansão: Tibão / Accyoly
A10: REGIONAL CAMPOS GERAIS - PR | B10: Divisão Telemaco Borba - PR | D10: =CAPA!D72 -> Comunicação: Barney
A11: REGIONAL CAMPOS GERAIS - PR | B11: Divisão Joaquim Távora - PR | D11: =CAPA!D73 -> Operacional: Cleto
A12: REGIONAL CAMPOS GERAIS - PR | B12: Divisão Piraí do Sul - PR | D12: =CAPA!D74 -> Armas: Rocha
A13: REGIONAL CAMPOS GERAIS - PR | B13: Divisão Porto Amazonas - PR
A14: REGIONAL CAMPOS GERAIS - PR | B14: Divisão São joão do Triunfo - PR
A15: REGIONAL CAMPOS GERAIS - PR | B15: Divisão Sengés - PR
A16: REGIONAL CAMPOS GERAIS - PR | B16: Divisão Foz do Jordão - PR
A18: REGIONAL CAMPOS GERAIS II - PR
A19: REGIONAL CAMPOS GERAIS II - PR | B19: Divisão Ponta Grossa - PR
A20: REGIONAL CAMPOS GERAIS II - PR | B20: Divisão Guarapuava - PR
A21: REGIONAL CAMPOS GERAIS II - PR | B21: Divisão Palmeira - PR
A22: REGIONAL CAMPOS GERAIS - PR | B22: Divisão Witmarsum - PR
A23: REGIONAL CAMPOS GERAIS - PR | B23: Divisão Castro - PR
A24: REGIONAL CAMPOS GERAIS II - PR | B24: Divisão Antônio Olinto - PR

Sheet CMD XXXIV
A1: VOLTAR
A2: Comando Regional XXXIV
A3: REGIONAL NITERÓI - RJ | D3: CMD REGIONAL XXXIV
A4: REGIONAL NITERÓI - RJ | B4: Divisão Niterói Centro - RJ | D4: =CAPA!E66 -> Mundial: Bin
A5: REGIONAL NITERÓI - RJ | B5: Divisão Niterói Leste - RJ | D5: =CAPA!E67 -> Cmd Brasil: Death Note
A6: REGIONAL NITERÓI - RJ | B6: Divisão Niterói Norte - RJ | D6: =CAPA!E68 -> Disciplina: Filipe
A7: REGIONAL NITERÓI - RJ | B7: Divisão Niterói Sul - RJ | D7: =CAPA!E69 -> Inteligência: Daniel
A8: REGIONAL NITERÓI - RJ | B8: Divisão Oceânica - RJ | D8: =CAPA!E70 -> Adm Cmd:
A9: REGIONAL NITERÓI - RJ | B9: Divisão Niterói Oeste - RJ | D9: =CAPA!E71 -> Expansão: Tibão / Adeilson
A10: REGIONAL NITERÓI - RJ | B10: Divisão Oceânica III - RJ (Antiga Niterói Extremo Leste) | D10: =CAPA!E72 -> Comunicação:
A11: REGIONAL NITERÓI - RJ | B11: Divisão Oceânica II - RJ | D11: =CAPA!E73 -> Operacional: Johnson
D12: =CAPA!E74 -> Armas: Jhonson
A13: REGIONAL LESTE FLUMINENSE - RJ
A14: REGIONAL LESTE FLUMINENSE - RJ | B14: Divisão Itaboraí - RJ
A15: REGIONAL LESTE FLUMINENSE - RJ | B15: Divisao Maricá Leste - RJ
A16: REGIONAL LESTE FLUMINENSE - RJ | B16: Divisao São Gonçalo Norte - RJ
A17: REGIONAL LESTE FLUMINENSE - RJ | B17: Divisão Rio Bonito - RJ
A18: REGIONAL LESTE FLUMINENSE - RJ | B18: Divisão Itaipuaçu - RJ
A19: REGIONAL LESTE FLUMINENSE - RJ | B19: Divisão Manilha - RJ
A20: REGIONAL LESTE FLUMINENSE - RJ | B20: Divisao São Gonçalo Sul - RJ
A21: REGIONAL LESTE FLUMINENSE - RJ | B21: Divisao Maricá Oeste - RJ
A22: REGIONAL LESTE FLUMINENSE - RJ | B22: Divisao São Gonçalo Centro - RJ
A23: REGIONAL LESTE FLUMINENSE - RJ | B23: Divisão Itaipuaçu II - RJ
A24: REGIONAL LESTE FLUMINENSE - RJ | B24: Divisão Silva Jardim - RJ
A26: REGIONAL LAGOS
A27: REGIONAL LAGOS | B27: Divisão Arraial do Cabo - RJ
A28: REGIONAL LAGOS | B28: Divisão Buzios - RJ
A29: REGIONAL LAGOS | B29: Divisão Cabo Frio - RJ
A30: REGIONAL LAGOS | B30: Divisão Rio das Ostras - RJ
A31: REGIONAL LAGOS | B31: Divisão Araruama - RJ
A32: REGIONAL LAGOS | B32: Divisão Saquarema - RJ
A33: REGIONAL LAGOS | B33: Divisão São Pedro da Aldeia - RJ
A34: REGIONAL LAGOS | B34: Divisão Unamar - RJ

Sheet CMD XXXV
A1: VOLTAR
A2: Comando Regional XXXV
A3: REGIONAL CAIEIRAS - SP | D3: CMD REGIONAL XXXV
A4: REGIONAL CAIEIRAS - SP | B4: Divisão Caieiras Norte - SP | D4: =CAPA!F66 -> Mundial: Dabota
A5: REGIONAL CAIEIRAS - SP | B5: Divisão Franco da Rocha Norte - SP | D5: =CAPA!F67 -> Cmd Brasil: Professor
A6: REGIONAL CAIEIRAS - SP | B6: Divisão Franco da Rocha Sul - SP | D6: =CAPA!F68 -> Disciplina: Brito
A7: REGIONAL CAIEIRAS - SP | B7: Divisão Caieiras Sul - SP | D7: =CAPA!F69 -> Inteligência: Toni
A8: REGIONAL CAIEIRAS - SP | B8: Divisão Franco da Rocha Oeste - SP | D8: =CAPA!F70 -> Adm Cmd: Jonnhy
A9: REGIONAL CAIEIRAS - SP | B9: Divisão Caieiras Oeste - SP | D9: =CAPA!F71 -> Expansão: Tibão / Bomba
D10: =CAPA!F72 -> Comunicação:
A11: REGIONAL PERUS - SP | D11: =CAPA!F73 -> Operacional: Godoy / K-Bral
A12: REGIONAL PERUS - SP | B12: Divisão Cajamar Sul - SP | D12: =CAPA!F74 -> Armas: Quenupe
A13: REGIONAL PERUS - SP | B13: Divisão Perus - SP
A14: REGIONAL PERUS - SP | B14: Divisão Morro Doce - SP
A15: REGIONAL PERUS - SP | B15: Divisão Cajamar Norte - SP
A16: REGIONAL PERUS - SP | B16: Divisão Jardim Canaã - SP
A18: REGIONAL MAIRIPORÃ - SP
A19: REGIONAL MAIRIPORÃ - SP | B19: Divisão Mairiporã - SP
A20: REGIONAL MAIRIPORÃ - SP | B20: Divisão Cantareira - SP
A21: REGIONAL MAIRIPORÃ - SP | B21: Divisão Terra Preta - SP
A22: REGIONAL MAIRIPORÃ - SP | B22: Divisão Santa Inês - SP
A24: REGIONAL FRANCISCO MORATO - SP
A25: REGIONAL FRANCISCO MORATO - SP | B25: Divisão Francisco Morato Oeste - SP
A26: REGIONAL FRANCISCO MORATO - SP | B26: Divisão Francisco Morato Centro - SP
A27: REGIONAL FRANCISCO MORATO - SP | B27: Divisão Francisco Morato Leste - SP
A28: REGIONAL FRANCISCO MORATO - SP | B28: Divisão Francisco Morato Norte - SP
A29: REGIONAL FRANCISCO MORATO - SP | B29: Divisão Francisco Morato Sul - SP
A31: REGIONAL JARAGUÁ - SP
A32: REGIONAL JARAGUÁ - SP | B32: Divisão Jaraguá - SP
A33: REGIONAL JARAGUÁ - SP | B33: Divisão Canta Galo - SP
A34: REGIONAL JARAGUÁ - SP | B34: Divisão Taipas - SP
A35: REGIONAL JARAGUÁ - SP | B35: Divisão Aurora - SP
A36: REGIONAL JARAGUÁ - SP | B36: Divisão Panamericano - SP

Sheet CMD XXXVI
A1: VOLTAR
A2: Comando Regional XXXVI
A3: REGIONAL BAMBUÍ | D3: CMD REGIONAL XXXVI
A4: REGIONAL BAMBUÍ | B4: Divisao Bambui - MG | D4: =CAPA!B76 -> Mundial: Baptista
A5: REGIONAL BAMBUÍ | B5: Divisão Luz - MG | D5: =CAPA!B77 -> Cmd Brasil: Barba
A6: REGIONAL BAMBUÍ | B6: Divisão Medeiros - MG | D6: =CAPA!B78 -> Disciplina: Brito
A7: REGIONAL BAMBUÍ | B7: Divisão Lagoa da Prata - MG | D7: =CAPA!B79 -> Inteligência: Dias
A8: REGIONAL BAMBUÍ | B8: Divisão Campos Altos - MG | D8: =CAPA!B80 -> Adm Cmd: Hugo Melo
A9: REGIONAL BAMBUÍ | B9: Divisão Santa Rosa da Serra - MG | D9: =CAPA!B81 -> Expansão: Tibão / Jeferson
A10: REGIONAL BAMBUÍ | B10: Divisão Moema - MG | D10: =CAPA!B82 -> Comunicação: Cruvinel
D11: =CAPA!B83 -> Operacional: Ted / Raycaff
A12: REGIONAL CENTRO OESTE DE MINAS - MG | D12: =CAPA!B84 -> Armas: Simão
A13: REGIONAL CENTRO OESTE DE MINAS - MG | B13: Divisão Campo Belo - MG
A14: REGIONAL CENTRO OESTE DE MINAS - MG | B14: Divisao Formiga - MG
A15: REGIONAL CENTRO OESTE DE MINAS - MG | B15: Divisão Arcos Norte - MG
A16: REGIONAL CENTRO OESTE DE MINAS - MG | B16: Divisão Bom Despacho - MG
A17: REGIONAL CENTRO OESTE DE MINAS - MG | B17: Divisão Santo Antônio do Monte - MG
A18: REGIONAL CENTRO OESTE DE MINAS - MG | B18: Divisao Iguatama - MG
A19: REGIONAL CENTRO OESTE DE MINAS - MG | B19: Divisão Cana Verde - MG
A20: REGIONAL CENTRO OESTE DE MINAS - MG | B20: Divisão Arcos Centro - MG
A21: REGIONAL CENTRO OESTE DE MINAS - MG | B21: Divisão Araújos - MG
A22: REGIONAL CENTRO OESTE DE MINAS - MG | B22: Divisão Itapecerica - MG
A24: REGIONAL PASSOS - MG
A25: REGIONAL PASSOS - MG | B25: Divisão Pimenta - MG
A26: REGIONAL PASSOS - MG | B26: Divisão Passos - MG
A27: REGIONAL PASSOS - MG | B27: Divisão Guaxupé - MG
A28: REGIONAL PASSOS - MG | B28: Divisão Conceição da Aparecida - MG
A29: REGIONAL PASSOS - MG | B29: Divisão Capitólio - MG
A30: REGIONAL PASSOS - MG | B30: Divisão São Sebastião do Paraíso - MG
A31: REGIONAL PASSOS - MG | B31: Divisão Piumhi - MG

Sheet CMD XXXVII
A1: VOLTAR
A2: Comando Regional XXXVII
A3: REGIONAL RECIFE I - PE | D3: CMD REGIONAL XXXVII
A4: REGIONAL RECIFE I - PE (Antiga Nordeste IV) | B4: Divisão Jaboatão dos Guararapes - PE | D4: =CAPA!C76 -> Mundial: Baptista
A5: REGIONAL RECIFE I - PE (Antiga Nordeste IV) | B5: Divisão Recife Centro - PE | D5: =CAPA!C77 -> Cmd Brasil: Samu
A6: REGIONAL RECIFE I - PE (Antiga Nordeste IV) | B6: Divisão Recife Sul - PE | D6: =CAPA!C78 -> Disciplina: K
A7: REGIONAL RECIFE I - PE (Antiga Nordeste IV) | B7: Divisão Litoral Sul - PE | D7: =CAPA!C79 -> Inteligência: Custódio
A8: REGIONAL RECIFE I - PE (Antiga Nordeste IV) | B8: Divisão Ribeirão - PE | D8: =CAPA!C80 -> Adm Cmd: Fabão
A9: REGIONAL RECIFE I - PE (Antiga Nordeste IV) | B9: Divisão Jaboatão Sul - PE | D9: =CAPA!C81 -> Expansão: Tibão / Accyoly
A10: REGIONAL NORDESTE IV | B10: Divisão Simão Dias - SE | D10: =CAPA!C82 -> Comunicação:
A11: REGIONAL NORDESTE IV | B11: Divisão Pesqueira - PE | D11: =CAPA!C83 -> Operacional: Truta
D12: =CAPA!C84 -> Armas: David
A13: REGIONAL NORDESTE VII
A14: REGIONAL NORDESTE VII | B14: Divisao Maceio Centro - AL
A15: REGIONAL NORDESTE VII | B15: Divisão São Miguel dos Campos - AL
A16: REGIONAL NORDESTE VII | B16: Divisão Arapiraca Centro - AL
A17: REGIONAL NORDESTE VII | B17: Divisao Aracaju - SE
A18: REGIONAL NORDESTE VII | B18: Divisão Maceió Norte - AL
A19: REGIONAL NORDESTE VII | B19: Divisão Bom Conselho - PE
A20: REGIONAL NORDESTE VII | B20: Divisão Arapiraca Norte - AL
A21: REGIONAL NORDESTE VII | B21: Divisão Santana do Ipanema - AL
A22: REGIONAL NORDESTE VII | B22: Divisão Propriá - SE
A23: REGIONAL NORDESTE VII | B23: Divisão Rio Largo - AL
A24: REGIONAL NORDESTE VII | B24: Divisão Barra dos Coqueiros - SE
A25: REGIONAL NORDESTE VII | B25: Divisão Socorro - SE
... A27: REGIONAL NORDESTE VII | B27: Divisão Barra de São Miguel - AL
A29: REGIONAL SERTÃO - PE
A30: REGIONAL SERTÃO - PE (Antiga Nordeste IX) | B30: Divisão Araripina - PE
A31: REGIONAL SERTÃO - PE (Antiga Nordeste IX) | B31: Divisão Arcoverde - PE
A32: REGIONAL SERTÃO - PE (Antiga Nordeste IX) | B32: Divisão Brejinho - PE
A33: REGIONAL SERTÃO - PE (Antiga Nordeste IX) | B33: Divisão Petrolina Centro - PE
A34: REGIONAL SERTÃO - PE (Antiga Nordeste IX) | B34: Divisão Afogados Ingazeira Norte - PE
A35: REGIONAL SERTÃO - PE (Antiga Nordeste IX) | B35: Divisão Afogados Norte - PE
A36: REGIONAL SERTÃO - PE (Antiga Nordeste IX) | B36: Divisão Ouricuri - PE (Antiga Trindade)
A37: REGIONAL SERTÃO - PE (Antiga Nordeste IX) | B37: Divisão Triunfo - PE
A38: REGIONAL SERTÃO - PE (Antiga Nordeste IX) | B38: Divisão Petrolina Norte - PE
A40: REGIONAL AGRESTE - PE
A41: REGIONAL AGRESTE - PE (Antiga Nordeste XII) | B41: Divisão Bezerros - PE
A42: REGIONAL AGRESTE - PE (Antiga Nordeste XII) | B42: Divisão Caruaru Centro - PE
A43: REGIONAL AGRESTE - PE (Antiga Nordeste XII) | B43: Divisão Caruaru Leste - PE
A44: REGIONAL AGRESTE - PE (Antiga Nordeste XII) | B44: Divisão Garanhuns - PE
A45: REGIONAL AGRESTE - PE (Antiga Nordeste XII) | B45: Divisão Gravatá Centro - PE
A46: REGIONAL AGRESTE - PE (Antiga Nordeste XII) | B46: Divisão Toritama - PE
A47: REGIONAL AGRESTE - PE (Antiga Nordeste XII) | B47: Divisão Vitória de Santo Antão - PE
A48: REGIONAL AGRESTE - PE (Antiga Nordeste XII) | B48: Divisão Caruaru Norte - PE
A49: REGIONAL AGRESTE - PE (Antiga Nordeste XII) | B49: Divisão Lajedo - PE
A50: REGIONAL AGRESTE - PE (Antiga Nordeste XII) | B50: Divisão Santa Cruz - PE
A51: REGIONAL AGRESTE - PE (Antiga Nordeste XII) | B51: Divisão Gravatá Norte - PE
A53: REGIONAL RECIFE II - PE
A54: REGIONAL RECIFE II - PE (Antiga Nordeste XIII) | B54: Divisão Olinda - PE
A55: REGIONAL RECIFE II - PE (Antiga Nordeste XIII) | B55: Divisão Camaragibe - PE
A56: REGIONAL RECIFE II - PE (Antiga Nordeste XIII) | B56: Divisão Recife Norte - PE
A57: REGIONAL RECIFE II - PE (Antiga Nordeste XIII) | B57: Divisão Recife Oeste - PE
A58: REGIONAL RECIFE II - PE (Antiga Nordeste XIII) | B58: Divisão Paulista - PE

Sheet CMD XXXVIII
A1: VOLTAR
A2: Comando Regional XXXVIII
A3: REGIONAL GUARULHOS II | D3: CMD REGIONAL XXXVIII
A4: REGIONAL GUARULHOS II | B4: Divisão Norte - GRU II - SP | D4: =CAPA!D76 -> Mundial: Jonatas
A5: REGIONAL GUARULHOS II | B5: Divisão Sul - GRU II - SP | D5: =CAPA!D77 -> Cmd Regional: Bigs
A6: REGIONAL GUARULHOS II | B6: Divisão Extremo Oeste - GRU II - SP | D6: =CAPA!D78 -> Disciplina: Igão
A7: REGIONAL GUARULHOS II | B7: Divisão Centro - GRU II - SP | D7: =CAPA!D79 -> Inteligência: Clayton
A8: REGIONAL GUARULHOS II | B8: Divisão Extremo Norte - GRU II - SP | D8: =CAPA!D80 -> Adm Cmd: Zicca
A9: REGIONAL GUARULHOS II | B9: Divisão Leste - GRU II - SP | D9: =CAPA!D81 -> Expansão: Tibão / Samurai
A10: REGIONAL GUARULHOS II | B10: Divisão Oeste - GRU II - SP | D10: =CAPA!D82 -> Comunicação:
D11: =CAPA!D83 -> Operacional: Godoy / Leão
A12: REGIONAL GUARULHOS III | D12: =CAPA!D84 -> Armas: Valillo
A13: REGIONAL GUARULHOS III | B13: Divisão Norte - GRU III - SP
A14: REGIONAL GUARULHOS III | B14: Divisão Centro - GRU III - SP
A15: REGIONAL GUARULHOS III | B15: Divisão Sul - GRU III - SP
A16: REGIONAL GUARULHOS III | B16: Divisão Leste - GRU III - SP
A17: REGIONAL GUARULHOS III | B17: Divisão Extremo Norte - GRU III - SP
A18: REGIONAL GUARULHOS III | B18: Divisão Extremo Sul - GRU III - SP
A19: REGIONAL GUARULHOS III | B19: Divisão Oeste - GRU III - SP
A20: REGIONAL GUARULHOS III | B20: Divisão Exrtremo Leste - GRU III - SP

Sheet CMD XXXIX
A1: VOLTAR
A2: Comando Regional XXXIX | D2: CMD REGIONAL XXXIX
A3: REGIONAL ABC3 | D3: =CAPA!E76 -> Mundial: Naruê
A4: REGIONAL ABC3 | B4: Divisão Mauá Centro - ABC3 | D4: =CAPA!E77 -> Cmd Brasil: Don Cobra
A5: REGIONAL ABC3 | B5: Divisão Mauá Leste - ABC3 | D5: =CAPA!E78 -> Disciplina: Henrique
A6: REGIONAL ABC3 | B6: Divisão Mauá Norte - ABC3 | D6: =CAPA!E79 -> Inteligência: Chaves
A7: REGIONAL ABC3 | B7: Divisão Mauá Oeste - ABC3 | D7: =CAPA!E80 -> Adm Cmd: Jonnhy
A8: REGIONAL ABC3 | B8: Divisão Mauá Sul - ABC3 | D8: =CAPA!E81 -> Expansão: Tibão / IronHide
A9: REGIONAL ABC3 | B9: Divisão Mauá Extremo Leste - ABC3 | D9: =CAPA!E82 -> Comunicação:
A10: REGIONAL ABC3 | B10: Divisão Mauá Extremo Sul - ABC3 | D10: =CAPA!E83 -> Operacional: Roney / Ccontin
A11: REGIONAL ABC3 | B11: Divisão Mauá Extremo Oeste - ABC3 | D11: =CAPA!E84 -> Armas: Kaus
A12: REGIONAL ABC3 | B12: Divisão Mauá Norte - ABC3
A13: REGIONAL ABC3 | B13: Divisão Mauá Extremo Norte - ABC3
A15: REGIONAL ABC4
A16: REGIONAL ABC4 | B16: Divisão Paranapiacaba - ABC4
A17: REGIONAL ABC4 | B17: Divisão Ribeirão Pires Centro - ABC4
A18: REGIONAL ABC4 | B18: Divisão Ribeirão Pires Norte - ABC4
A19: REGIONAL ABC4 | B19: Divisão Ribeirão Pires Sul - ABC4
A20: REGIONAL ABC4 | B20: Divisão Rio Grande da Serra - ABC4
A21: REGIONAL ABC4 | B21: Divisão Ribeirão Pires Leste - ABC4
A23: REGIONAL ABC5
A24: REGIONAL ABC5 | B24: Divisão Santo André Oeste - ABC5
A25: REGIONAL ABC5 | B25: Divisão Santo André Leste - ABC5
A26: REGIONAL ABC5 | B26: Divisão Santo André Extremo Oeste - ABC5
A27: REGIONAL ABC5 | B27: Divisão Santo André Norte - ABC5
A28: REGIONAL ABC5 | B28: Divisão Santo André Extremo Leste - ABC5
A29: REGIONAL ABC5 | B29: Divisão Santo André Centro - ABC5
A30: REGIONAL ABC5 | B30: Divisão Santo André Extremo Norte - ABC5
A31: REGIONAL ABC5 | B31: Divisão Santo André Sul - ABC5

Sheet CMD XL
A1: VOLTAR
A2: Comando Regional XL | D2: *CMD REGIONAL XL*
A3: REGIONAL BARUERI | D3: =CAPA!F16 -> Mundial: Roney
A4: REGIONAL BARUERI | B4: Divisão Alphaville - SP | D4: =CAPA!F17 -> Cmd Brasil: Clayton
A5: REGIONAL BARUERI | B5: Divisão Barueri Centro - SP | D5: =CAPA!F18 -> Disciplina: Ching
A6: REGIONAL BARUERI | B6: Divisão Barueri Norte - SP | D6: =CAPA!F19 -> Inteligência: Fico
A7: REGIONAL BARUERI | B7: Divisão Barueri Sul - SP | D7: =CAPA!F20 -> Adm Cmd: Cabelo
A8: REGIONAL BARUERI | B8: Divisão Barueri Leste - SP | D8: =CAPA!F21 -> Expansão: Tibão / Carvalho
A9: REGIONAL BARUERI | B9: Divisão Alphaville II - SP | D9: =CAPA!F22 -> Comunicação: Chris Jr
A11: REGIONAL SANTANA DE PARNAÍBA - SP
A12: REGIONAL SANTANA DE PARNAÍBA - SP | B12: Divisão Araçariguama - SP
A13: REGIONAL SANTANA DE PARNAÍBA - SP | B13: Divisão Pirapora do Bom Jesus - SP
A14: REGIONAL SANTANA DE PARNAÍBA - SP | B14: Divisão Santana de Parnaíba Centro - SP
A15: REGIONAL SANTANA DE PARNAÍBA - SP | B15: Divisão Santana de Parnaíba Leste - SP
A16: REGIONAL SANTANA DE PARNAÍBA - SP | B16: Divisão Aldeia da Serra - SP
A17: REGIONAL SANTANA DE PARNAÍBA - SP | B17: Divisão Tamboré - SP
A18: REGIONAL SANTANA DE PARNAÍBA - SP | B18: Divisão Aldeia da Serra Norte - SP
A19: REGIONAL SANTANA DE PARNAÍBA - SP | B19: Divisão Colinas da Anhanguera - SP

Sheet CMD XLI
A1: VOLTAR
A2: Comando Regional XLI | D2: *CMD REGIONAL XLI*
A3: REGIONAL CURITIBA II NORTE - PR | D3: =CAPA!B86 -> Mundial: Jonatas
A4: REGIONAL CURITIBA II NORTE - PR | B4: Divisão Almirante Tamandaré - PR | D4: =CAPA!B87 -> Cmd Brasil: Veterano
A5: REGIONAL CURITIBA II NORTE - PR | B5: Divisão Curitiba II Centro - PR | D5: =CAPA!B88 -> Disciplina: Miro
A6: REGIONAL CURITIBA II NORTE - PR | B6: Divisão Curitiba II Norte - PR | D6: =CAPA!B89 -> Inteligência: Fico
A7: REGIONAL CURITIBA II NORTE - PR | B7: Divisão Rio Branco do Sul - PR | D7: =CAPA!B90 -> Adm Cmd Br: Dead
A8: REGIONAL CURITIBA II NORTE - PR | B8: Divisão Tranqueira - PR | D8: =CAPA!B91 -> Expansão: Tibão / Samurai
A9: REGIONAL CURITIBA II NORTE - PR | B9: Divisão Curitiba II Extemo Norte - PR | D9: =CAPA!B92 -> Comunicação:
A10: REGIONAL CURITIBA II NORTE - PR | B10: Divisão Curitiba II Leste - PR | D10: =CAPA!B93 -> Operacional: Ted / Samaritano
A11: REGIONAL CURITIBA II NORTE - PR | B11: Divisão Curitiba II Sul - PR | D11: =CAPA!B94 -> Armas: Shrek
A12: REGIONAL CURITIBA II NORTE - PR | B12: Divisão Curitiba II Oeste - PR
A13: REGIONAL CURITIBA II NORTE - PR | B13: Divisão Almirante Tamandaré II - PR
A14: REGIONAL CURITIBA II NORTE - PR | B14: Divisão Curitiba II Noroeste - PR (Antiga Curitiba Norte VI)
A15: REGIONAL CURITIBA II NORTE - PR | B15: Divisão Curitiba II Extremo Sul - PR (Antiga Curitiba VI Sul)
A16: REGIONAL CURITIBA II NORTE - PR | B16: Divisão Curitiba II Extremo Leste - PR (Antiga Curitiba VI Leste)
A18: REGIONAL CURITIBA III - PR
A19: REGIONAL CURITIBA III - PR | B19: Divisão Araucária Sul - PR
A20: REGIONAL CURITIBA III - PR | B20: Divisão Curitiba III Oeste - PR
A21: REGIONAL CURITIBA III - PR | B21: Divisão Araucária Norte - PR
A22: REGIONAL CURITIBA III - PR | B22: Divisão Curitiba III Sul - PR
A23: REGIONAL CURITIBA III - PR | B23: Divisão Curitiba III Extremo Oeste - PR (Antiga Curitiba XNorte)
A24: REGIONAL CURITIBA III - PR | B24: Divisão Araucária Leste - PR
A25: REGIONAL CURITIBA III - PR | B25: Divisão Curitiba III Sudeste - PR
A26: REGIONAL CURITIBA III - PR | B26: Divisão Curitiba III Extremo Sul - PR
A27: REGIONAL CURITIBA III - PR | B27: Divisão Bateias - PR
A29: REGIONAL FAZENDA RIO GRANDE - PR
A30: REGIONAL FAZENDA RIO GRANDE - PR (Antiga Curitiba VI) | B30: Divisão Fazenda Rio Grande Norte - PR
A31: REGIONAL FAZENDA RIO GRANDE - PR (Antiga Curitiba VI) | B31: Divisão Fazenda Rio Grande Sul - PR
A32: REGIONAL FAZENDA RIO GRANDE - PR (Antiga Curitiba VI) | B32: Divisão Fazenda Rio Grande Leste - PR
A33: REGIONAL FAZENDA RIO GRANDE - PR (Antiga Curitiba VI) | B33: Divisão Fazenda Rio Grande Oeste - PR
A34: REGIONAL FAZENDA RIO GRANDE - PR (Antiga Curitiba VI) | B34: Divisão Curitiba Extremo Oeste - PR
A35: REGIONAL FAZENDA RIO GRANDE - PR (Antiga Curitiba VI) | B35: Divisão Curitiba Sudeste VI - PR
A36: REGIONAL FAZENDA RIO GRANDE - PR (Antiga Curitiba VI) | B36: Divisão Fazenda Rio Grande Centro - PR
A38: REGIONAL CURITIBA VII
A39: REGIONAL CURITIBA VII - PR | B39: Divisão Curitiba VII Extremo Oeste - PR
A40: REGIONAL CURITIBA VII - PR | B40: Divisão Curitiba VII Norte - PR (Norte 1)
A41: REGIONAL CURITIBA VII - PR | B41: Divisão Curitiba VII Sudeste - PR (Norte 2)
A42: REGIONAL CURITIBA VII - PR | B42: Divisão Curitiba VII Sul - PR
A43: REGIONAL CURITIBA VII - PR | B43: Divisão Curitiba VII Leste - PR

Sheet CMD XLII
A1: VOLTAR
A2: Comando Regional XLII | D2: *CMD REGIONAL XLI*
A3: REGIONAL CARAPICUÍBA - SP | D3: =CAPA!B86 -> Mundial: Jonatas
A4: REGIONAL CARAPICUÍBA - SP | B4: Divisão Carapicuíba Centro - SP | D4: =CAPA!B87 -> Cmd Brasil: Veterano
A5: REGIONAL CARAPICUÍBA - SP | B5: Divisão Carapicuíba Norte - SP | D5: =CAPA!B88 -> Disciplina: Miro
A6: REGIONAL CARAPICUÍBA - SP | B6: Divisão Carapicuíba Oeste - SP | D6: =CAPA!B89 -> Inteligência: Fico
A7: REGIONAL CARAPICUÍBA - SP | B7: Divisão Carapicuíba Sul - SP | D7: =CAPA!B90 -> Adm Cmd Br: Dead
A8: REGIONAL CARAPICUÍBA - SP | B8: Divisão Carapicuíba Leste - SP | D8: =CAPA!B91 -> Expansão: Tibão / Samurai
D9: =CAPA!B92 -> Comunicação:
A10: REGIONAL ITAPECERICA DA SERRA - SP | D10: =CAPA!B93 -> Operacional: Ted / Samaritano
A11: REGIONAL ITAPECERICA DA SERRA - SP | B11: Divisão Embu das Artes Leste - SP | D11: =CAPA!B94 -> Armas: Shrek
A12: REGIONAL ITAPECERICA DA SERRA - SP | B12: Divisão Embu das Artes Oeste - SP
A13: REGIONAL ITAPECERICA DA SERRA - SP | B13: Divisão Itapecerica da Serra - SP
A14: REGIONAL ITAPECERICA DA SERRA - SP | B14: Divisão Embu das Artes Centro - SP
A15: REGIONAL ITAPECERICA DA SERRA - SP | B15: Divisão Juquitiba - SP
A16: REGIONAL ITAPECERICA DA SERRA - SP | B16: Divisão Embu das Artes Norte - SP
A17: REGIONAL ITAPECERICA DA SERRA - SP | B17: Divisão Itapecerica da Serra Leste - SP
A19: REGIONAL TABOÃO DA SERRA - SP
A20: REGIONAL TABOÃO DA SERRA - SP | B20: Divisão Valo Velho - SP
A21: REGIONAL TABOÃO DA SERRA - SP | B21: Divisão Taboão da Serra Centro - SP
A22: REGIONAL TABOÃO DA SERRA - SP | B22: Divisão Taboão da Serra Leste - SP
A23: REGIONAL TABOÃO DA SERRA - SP | B23: Divisão Taboão da Serra Oeste - SP
A24: .
A25: REGIONAL CARAPICUÍBA - SP
A26: REGIONAL CARAPICUÍBA - SP | B26: Divisão Carapicuíba Centro - SP
A27: REGIONAL CARAPICUÍBA - SP | B27: Divisão Carapicuíba Norte - SP
A28: REGIONAL CARAPICUÍBA - SP | B28: Divisão Carapicuíba Oeste - SP
A29: REGIONAL CARAPICUÍBA - SP | B29: Divisão Carapicuíba Sul - SP
A31: REGIONAL CAPÃO REDONDO - SP
A32: REGIONAL CAPÃO REDONDO - SP | B32: Divisão Campo Limpo - SP
A33: REGIONAL CAPÃO REDONDO - SP | B33: Divisão Campo Limpo Leste - SP
A34: REGIONAL CAPÃO REDONDO - SP | B34: Divisão Capao Redondo - SP
A35: REGIONAL CAPÃO REDONDO - SP | B35: Divisão Capão Redondo Leste - SP

Sheet CMD XLIII
A1: VOLTAR
A2: Comando Regional XLIII | D2: *CMD REGIONAL XLIII*
A3: REGIONAL BAIXADA FLUMINENSE I - RJ | D3: =CAPA!D86 -> Representante: Alex
A4: REGIONAL BAIXADA FLUMINENSE I - RJ | B4: Divisão Nilópolis Sul - RJ | D4: =CAPA!D87 -> Cmd Brasil: Evaristo
A5: REGIONAL BAIXADA FLUMINENSE I - RJ | B5: Divisão Nilópolis Centro - RJ | D5: =CAPA!D88 -> Disciplina: Machete
A6: REGIONAL BAIXADA FLUMINENSE I - RJ | B6: Divisão Mesquita - RJ | D6: =CAPA!D89 -> Inteligência: Daniel
A7: REGIONAL BAIXADA FLUMINENSE I - RJ | B7: Divisão São João de Meriti - RJ | D7: =CAPA!D90 -> Adm Cmd:
A8: REGIONAL BAIXADA FLUMINENSE I - RJ | B8: Divisão Sul Baixada Fluminense I - RJ | D8: =CAPA!D91 -> Expansão: Tibão / TT
A9: REGIONAL BAIXADA FLUMINENSE I - RJ | B9: Divisão Centro Baixada I - RJ | D9: =CAPA!D92 -> Comunicação: Barney
A10: REGIONAL BAIXADA FLUMINENSE I - RJ | B10: Divisão Queimados - RJ | D10: =CAPA!D93 -> Operacional: Do Aço
A11: REGIONAL BAIXADA FLUMINENSE I - RJ | B11: Divisão Nova Iguaçu - RJ | D11: =CAPA!D94 -> Armas: Radar
A12: REGIONAL BAIXADA FLUMINENSE I - RJ | B12: Divisão Miguel Couto - RJ
A13: REGIONAL BAIXADA FLUMINENSE I - RJ | B13: Divisão São João de Meriti Norte - RJ
A14: REGIONAL BAIXADA FLUMINENSE I - RJ | B14: Divisão Mesquita Norte - RJ
A15: REGIONAL BAIXADA FLUMINENSE I - RJ | B15: Divisão Vila de Cava - RJ
A17: REGIONAL BAIXADA FLUMINENSE II - RJ
A18: REGIONAL BAIXADA FLUMINENSE II - RJ | B18: Divisão Duque de Caxias - RJ
A19: REGIONAL BAIXADA FLUMINENSE II - RJ | B19: Divisão Caxias Centro - RJ
A20: REGIONAL BAIXADA FLUMINENSE II - RJ | B20: Divisão Piabetá - RJ
A21: REGIONAL BAIXADA FLUMINENSE II - RJ | B21: Divisão Belford Roxo - RJ
A22: REGIONAL BAIXADA FLUMINENSE II - RJ | B22: Divisão Xerém - RJ
A23: REGIONAL BAIXADA FLUMINENSE II - RJ | B23: Divisão Magé - RJ
A24: REGIONAL BAIXADA FLUMINENSE II - RJ | B24: Divisão Caxias Sul - RJ
A25: REGIONAL BAIXADA FLUMINENSE II - RJ | B25: Divisão Santa Cruz da Serra - RJ
A26: REGIONAL BAIXADA FLUMINENSE II - RJ | B26: Divisão Guapimirim - RJ
A27: REGIONAL BAIXADA FLUMINENSE II - RJ | B27: Divisão Belford Roxo Centro - RJ
A28: REGIONAL BAIXADA FLUMINENSE II - RJ | B28: Divisão Saracuruna - RJ
A29: REGIONAL BAIXADA FLUMINENSE II - RJ | B29: Divisão Caxias Norte - RJ
... A31: REGIONAL BAIXADA FLUMINENSE II - RJ | B31: Divisão Caxias Leste - RJ
A33: REGIONAL SERRANA - RJ
A34: REGIONAL SERRANA - RJ | B34: Divisão Petrópolis Centro - RJ
A35: REGIONAL SERRANA - RJ | B35: Divisão Petrópolis Norte - RJ
A36: REGIONAL SERRANA - RJ | B36: Divisão Teresópolis - RJ
A37: REGIONAL SERRANA - RJ | B37: Divisão Areal - RJ
A38: REGIONAL SERRANA - RJ | B38: Divisão Rio das Flores - RJ
A39: REGIONAL SERRANA - RJ | B39: Divisão Cachoeiras do Macacu - RJ
A40: REGIONAL SERRANA - RJ | B40: Divisão Nova Friburgo - RJ
A41: REGIONAL SERRANA - RJ | B41: Divisão Sumidoro - RJ
A42: REGIONAL SERRANA - RJ | B42: Divisão Bom Jardim - RJ
A43: REGIONAL SERRANA - RJ | B43: Divisão Três Rios - RJ
A44: REGIONAL SERRANA - RJ | B44: Divisão Nova Friburgo Norte - RJ
A45: REGIONAL SERRANA - RJ | B45: Divisão Paraíba do Sul - RJ

Sheet CMD XLIV
A1: VOLTAR
A2: Comando Regional XLIV | D2: *CMD REGIONAL XLIV*
A3: REGIONAL SUL FLUMINENSE I - RJ | D3: =CAPA!E86 -> Representante: Alex
A4: REGIONAL SUL FLUMINENSE I - RJ | B4: Divisão Barra Mansa - RJ | D4: =CAPA!E87 -> Cmd Brasil: Maielo
A5: REGIONAL SUL FLUMINENSE I - RJ | B5: Divisão Penedo - RJ (Antiga Itatiaia) | D5: =CAPA!E88 -> Disciplina: Machete
A6: REGIONAL SUL FLUMINENSE I - RJ | B6: Divisão Piraí - RJ | D6: =CAPA!E89 -> Inteligência: Daniel
A7: REGIONAL SUL FLUMINENSE I - RJ | B7: Divisão Resende - RJ | D7: =CAPA!E90 -> Adm Cmd:
A8: REGIONAL SUL FLUMINENSE I - RJ | B8: Divisão Volta Redonda - RJ | D8: =CAPA!E91 -> Expansão: Tibão / Noslek
A9: REGIONAL SUL FLUMINENSE I - RJ | B9: Divisão Visconde de Mauá - RJ | D9: =CAPA!E92 -> Comunicação: Barney
A10: REGIONAL SUL FLUMINENSE I - RJ | B10: Divisão Pinheiral - RJ | D10: =CAPA!E93 -> Operacional: Oliveira
A11: REGIONAL SUL FLUMINENSE I - RJ | B11: Divisão Volta Redonda Sul - RJ | D11: =CAPA!E94 -> Armas: Pedro Louco
A12: REGIONAL SUL FLUMINENSE I - RJ | B12: Divisão Porto Real - RJ
A13: REGIONAL SUL FLUMINENSE I - RJ | B13: Divisão Bananal - SP
A14: REGIONAL SUL FLUMINENSE I - RJ | B14: Divisão Volta Redonda Oeste - RJ
A16: REGIONAL COSTA VERDE - RJ
A17: REGIONAL COSTA VERDE - RJ | B17: Divisão Itaguaí - RJ
A18: REGIONAL COSTA VERDE - RJ | B18: Divisão Mangaratiba - RJ
A19: REGIONAL COSTA VERDE - RJ | B19: Divisão Angra dos Reis - RJ
A20: REGIONAL COSTA VERDE - RJ | B20: Divisão Mambucaba - RJ
A21: REGIONAL COSTA VERDE - RJ | B21: Divisão Oeste - RJ
A22: REGIONAL COSTA VERDE - RJ | B22: Divisão Lídice - RJ
A23: REGIONAL COSTA VERDE - RJ | B23: Divisão Sepetiba - RJ
A24: REGIONAL COSTA VERDE - RJ | B24: Divisão Muriqui - RJ
A25: REGIONAL COSTA VERDE - RJ | B25: Divisão Santa Cruz - RJ (Antiga RJ2)
A26: REGIONAL COSTA VERDE - RJ | B26: Divisão Angra dos Reis Leste - RJ
A28: REGIONAL VALE DO CAFÉ - RJ
A29: REGIONAL VALE DO CAFÉ - RJ | B29: Divisão Barra do Piraí - RJ
A30: REGIONAL VALE DO CAFÉ - RJ | B30: Divisão Paulo de Frontin - RJ
A31: REGIONAL VALE DO CAFÉ - RJ | B31: Divisão Paracambi - RJ
A32: REGIONAL VALE DO CAFÉ - RJ | B32: Divisão Japeri - RJ
A33: REGIONAL VALE DO CAFÉ - RJ | B33: Divisão Japeri Centro - RJ
A34: REGIONAL VALE DO CAFÉ - RJ | B34: Divisão Seropédica - RJ
A35: REGIONAL VALE DO CAFÉ - RJ | B35: Divisão Lajes - RJ
A36: REGIONAL VALE DO CAFÉ - RJ | B36: Divisão Miguel Pereira - RJ
A37: REGIONAL VALE DO CAFÉ - RJ | B37: Divisão Paty dos Alferes - RJ
A38: REGIONAL VALE DO CAFÉ - RJ | B38: Divisão Mendes - RJ
A39: REGIONAL VALE DO CAFÉ - RJ | B39: Divisão Valença - RJ
A40: REGIONAL VALE DO CAFÉ - RJ | B40: Divisão Vassouras - RJ

Sheet CMD XLV
A1: VOLTAR
A2: Comando Regional XLV | D2: *CMD REGIONAL XLV*
A3: REGIONAL CAMPINAS | D3: =CAPA!F86 -> Mundial: Dabota
A4: REGIONAL CAMPINAS | B4: Divisão Campinas Centro - SP | D4: =CAPA!F87 -> Cmd Brasil: Sappo
A5: REGIONAL CAMPINAS | B5: Divisão Campinas Sul - SP | D5: =CAPA!F88 -> Disciplina: K
A6: REGIONAL CAMPINAS | B6: Divisão Campinas Oeste - SP | D6: =CAPA!F89 -> Inteligência: Custódio
A7: REGIONAL CAMPINAS | B7: Divisão Sudoeste - SP | D7: =CAPA!F90 -> Adm Cmd: Jonnhy
D8: =CAPA!F91 -> Expansão: Tibão / Diego
A9: REGIONAL LIMEIRA | D9: =CAPA!F92 -> Comunicação:
A10: REGIONAL LIMEIRA | B10: Divisão Limeira - SP | D10: =CAPA!F93 -> Operacional: Godoy / Pitbull
A11: REGIONAL LIMEIRA | B11: Divisão Cordeirópolis - SP | D11: =CAPA!F94 -> Armas: Brunão
A12: REGIONAL LIMEIRA | B12: Divisão Iracemápolis - SP
A13: REGIONAL LIMEIRA | B13: Divisão Limeira Sul - SP
A14: REGIONAL LIMEIRA | B14: Divisão Limeira Norte - SP
A15: REGIONAL LIMEIRA | B15: Divisão Limeira Leste - SP
A17: REGIONAL SUMARÉ - SP
A18: REGIONAL SUMARÉ - SP | B18: Divisão Hortolandia - SP
A19: REGIONAL SUMARÉ - SP | B19: Divisão Monte Mor - SP
A20: REGIONAL SUMARÉ - SP | B20: Divisão Nova Odessa - SP
A21: REGIONAL SUMARÉ - SP | B21: Divisão Paulínia - SP
A22: REGIONAL SUMARÉ - SP | B22: Divisão Sumaré - SP
A23: REGIONAL SUMARÉ - SP | B23: Divisão Sumaré II - SP
A24: REGIONAL SUMARÉ - SP | B24: Divisão Hortolândia II - SP
A26: REGIONAL PIRACICABA - SP
A27: REGIONAL PIRACICABA - SP | B27: Divisão Piracicaba - SP
A28: REGIONAL PIRACICABA - SP | B28: Divisão Saltinho - SP
A29: REGIONAL PIRACICABA - SP | B29: Divisão Águas de São Pedro - SP
A30: REGIONAL PIRACICABA - SP | B30: Divisão São Pedro - SP
A31: REGIONAL PIRACICABA - SP | B31: Divisão Ipeúna - SP
A32: REGIONAL PIRACICABA - SP | B32: Divisão Charqueada - SP
A33: REGIONAL PIRACICABA - SP | B33: Divisão Piracicaba Norte - SP
A34: REGIONAL PIRACICABA - SP | B34: Divisão Piracicaba Sul - SP
A35: REGIONAL PIRACICABA - SP | B35: Divisão Rio das Pedras - SP
A36: REGIONAL PIRACICABA - SP | B36: Divisão Piracicaba Leste - SP
A38: REGIONAL CAMPINAS II - SP
A39: REGIONAL CAMPINAS II - SP | B39: Divisão Campinas Norte - SP
A40: REGIONAL CAMPINAS II - SP | B40: Divisão Campinas Leste - SP
A41: REGIONAL CAMPINAS II - SP | B41: Divisão Barão I - SP
A42: REGIONAL CAMPINAS II - SP | B42: Divisão Souzas - SP
A44: REGIONAL AMERICANA - SP
A45: REGIONAL AMERICANA - SP | B45: Divisão Americana - SP
A46: REGIONAL AMERICANA - SP | B46: Divisão Artur Nogueira - SP
A47: REGIONAL AMERICANA - SP | B47: Divisão Cosmópolis - SP
A48: REGIONAL AMERICANA - SP | B48: Divisão Santa Barbara do Oeste - SP
A49: REGIONAL AMERICANA - SP | B49: Divisão Holambra - SP
A50: REGIONAL AMERICANA - SP | B50: Divisão Santa Barbara d'Oeste Sul - SP
A51: REGIONAL AMERICANA - SP | B51: Divisão Engenheiro Coelho - SP
A52: REGIONAL AMERICANA - SP | B52: Divisão Americana Sul - SP

Sheet CMD XLVI
A1: VOLTAR
A2: Comando Regional XLVI
A3: REGIONAL BAURU - SP | D3: *CMD REGIONAL XLVI*
A4: REGIONAL BAURU - SP | B4: Divisão Bauru - SP | D4: Mundial: Dabota
A5: REGIONAL BAURU - SP | B5: Divisão Agudos - SP | D5: Cmd Brasil: Pai João
A6: REGIONAL BAURU - SP | B6: Divisão Piratininga - SP | D6: Disciplina: Filipe
A7: REGIONAL BAURU - SP | B7: Divisão Pederneiras - SP | D7: Inteligência: Moreno
D8: Adm Cmd: Mapola
A9: REGIONAL OURINHOS - SP | D9: Expansão: Tibão / Julião
A10: REGIONAL OURINHOS - SP | B10: Divisão Ourinhos - SP | D10: Comunicação: Chris Jr
A11: REGIONAL OURINHOS - SP | B11: Divisão Piraju - SP | D11: Operacional: Ted / Ragnar
A12: REGIONAL OURINHOS - SP | B12: Divisão Santa Cruz do Rio Pardo - SP | D12: Armas: Toni
A13: REGIONAL OURINHOS - SP | B13: Divisão Salto Grande - SP
A14: REGIONAL OURINHOS - SP | B14: Divisão Ribeirão Claro - PR
A16: REGIONAL AVARÉ - SP
A17: REGIONAL AVARÉ - SP | B17: Divisão Avaré - SP
A18: REGIONAL AVARÉ - SP | B18: Divisão Holambra II - SP
A19: REGIONAL AVARÉ - SP | B19: Divisão Cerqueira César - SP
A20: REGIONAL AVARÉ - SP | B20: Divisão Paranapanema - SP
A21: REGIONAL AVARÉ - SP | B21: Divisão Taquarituba - SP
A22: REGIONAL AVARÉ - SP | B22: Divisão Itaí - SP
A23: REGIONAL AVARÉ - SP | B23: Divisão Manduri - SP
A25: REGIONAL MARÍLIA - SP
A26: REGIONAL MARÍLIA - SP | B26: Divisão Assis - SP
A27: REGIONAL MARÍLIA - SP | B27: Divisão Lins - SP
A28: REGIONAL MARÍLIA - SP | B28: Divisão Marilia - SP
A29: REGIONAL MARÍLIA - SP | B29: Divisão Promissão - SP
A30: REGIONAL MARÍLIA - SP | B30: Divisão Tupã - SP
A31: REGIONAL MARÍLIA - SP | B31: Divisão Cafelândia - SP
A32: REGIONAL MARÍLIA - SP | B32: Divisão Vera Cruz - SP
A33: REGIONAL MARÍLIA - SP | B33: Divisão Duartina - SP

Sheet CMD XLVII
A1: VOLTAR
A2: Comando Regional XLVII
A3: REGIONAL BOTUCATU | D3: *CMD REGIONAL XLVII*
A4: REGIONAL BOTUCATU | B4: Divisão Botucatu - SP | D4: =CAPA!C96 -> Representante: Eusimio
A5: REGIONAL BOTUCATU | B5: Divisão Itatinga - SP | D5: =CAPA!C97 -> Cmd Regional: Guerreiro
A6: REGIONAL BOTUCATU | B6: Divisão Pratânia - SP | D6: =CAPA!C98 -> Disciplina: Coquinho
A7: REGIONAL BOTUCATU | B7: Divisão São Manuel - SP | D7: =CAPA!C99 -> Inteligência: Custódio
A8: REGIONAL BOTUCATU | B8: Divisão Botucatu Oeste - SP | D8: =CAPA!C100 -> Adm Cmd: Cabelo
A9: REGIONAL BOTUCATU | B9: Divisão Bofete - SP | D9: =CAPA!C101 -> Expansão: Tibão / Pendente
A10: REGIONAL BOTUCATU | B10: Divisão São Manuel Centro - SP | D10: =CAPA!C102 -> Comunicação: Chris Jr
A11: REGIONAL BOTUCATU | B11: Divisão Pardinho - SP | D11: =CAPA!C103 -> Operacional: Bruxo
A12: REGIONAL BOTUCATU | B12: Divisão Pardinho - SP | D12: =CAPA!C104 -> Armas: Cruzoleto / Welton
A13: REGIONAL BOTUCATU | B13: Divisão Torre de Pedra - SP
A14: REGIONAL BOTUCATU | B14: Divisão Aparecida de São Manuel - SP
A16: REGIONAL LENÇÓIS PAULISTA
A17: REGIONAL LENÇÓIS PAULISTA | B17: Divisão Lençóis Paulista - SP
A18: REGIONAL LENÇÓIS PAULISTA | B18: Divisão Barra Bonita - SP
A19: REGIONAL LENÇÓIS PAULISTA | B19: Divisão Areiópolis - SP
A20: REGIONAL LENÇÓIS PAULISTA | B20: Divisão Igaraçu do Tietê - SP
A22: REGIONAL CERQUILHO
A23: REGIONAL CERQUILHO | B23: Divisão Capivari - SP
A24: REGIONAL CERQUILHO | B24: Divisão Cerquilho - SP
A25: REGIONAL CERQUILHO | B25: Divisão Iperó - SP
A26: REGIONAL CERQUILHO | B26: Divisão Laranjal Paulista - SP
A27: REGIONAL CERQUILHO | B27: Divisão Rafard - SP
A28: REGIONAL CERQUILHO | B28: Divisão Tietê - SP
A29: REGIONAL CERQUILHO | B29: Divisão Conchas - Sp
A30: REGIONAL CERQUILHO | B30: Divisão Capela do Alto - SP
A31: REGIONAL CERQUILHO | B31: Divisão Mombuca - SP
A32: REGIONAL CERQUILHO | B32: Divisão Cesário Lange - SP
A33: REGIONAL CERQUILHO | B33: Divisão Pereiras - SP
A34: REGIONAL CERQUILHO | B34: Divisão Maristela - SP
A36: REGIONAL JAÚ - SP
A37: REGIONAL JAÚ - SP | B37: Divisão Jaú - SP
A38: REGIONAL JAÚ - SP | B38: Divisão Brotas - SP
A39: REGIONAL JAÚ - SP | B39: Divisão Itapuí - SP
A40: REGIONAL JAÚ - SP | B40: Divisão Bariri - SP

Sheet CMD XLVIII
A1: VOLTAR
A2: Comando Regional XLVIII | D2: *CMD REGIONAL IX*
A3: REGIONAL GOIÂNIA | D3: =CAPA!D96 -> Mundial: Monge
A4: REGIONAL GOIÂNIA | B4: Divisão Aparecida de Goiânia - GO | D4: =CAPA!D97 -> Cmd Brasil:
A5: REGIONAL GOIÂNIA | B5: Divisão Goiânia Centro - GO | D5: =CAPA!D98 -> Disciplina: Henrique
A6: REGIONAL GOIÂNIA | B6: Divisão Goiânia Norte - GO | D6: =CAPA!D99 -> Inteligência: Moreno
A7: REGIONAL GOIÂNIA | B7: Divisão Goiânia Oeste - GO | D7: =CAPA!D100 -> Adm Cmd: Hugo Melo
A8: REGIONAL GOIÂNIA | B8: Divisão Goianira - GO | D8: =CAPA!D101 -> Expansão: Tibão / Pendente
A9: REGIONAL GOIÂNIA | B9: Divisão Inhumas - GO | D9: =CAPA!D102 -> Comunicação: Cruvinel
A10: REGIONAL GOIÂNIA | B10: Divisão Nazário - GO | D10: =CAPA!D103 -> Operacional: Ted / Miguel
A11: REGIONAL GOIÂNIA | B11: Divisão Trindade - GO | D11: =CAPA!D104 -> Armas: Marcris Vaz
A12: REGIONAL GOIÂNIA | B12: Divisão Itapirapuã - GO
A13: REGIONAL GOIÂNIA | B13: Divisão Goiânia Noroeste - GO
A14: REGIONAL GOIÂNIA | B14: Divisão Goiânia Leste - GO
A16: REGIONAL GOIÁS I - GO
A17: REGIONAL GOIÁS I - GO | B17: Divisão Orizona - GO1
A18: REGIONAL GOIÁS I - GO | B18: Divisão Piracanjuba - GO1
A19: REGIONAL GOIÁS I - GO | B19: Divisão Pires do Rio - GO1
A20: REGIONAL GOIÁS I - GO | B20: Divisão Cristianópolis - GO1
A21: REGIONAL GOIÁS I - GO | B21: Divisão Pontalina - GO1
A23: REGIONAL GOIÁS II - GO
A24: REGIONAL GOIÁS II - GO | B24: Divisão Caçu - GO2
A25: REGIONAL GOIÁS II - GO | B25: Divisao Itumbiara - GO2
A26: REGIONAL GOIÁS II - GO | B26: Divisão Quirinopolis - GO2
A27: REGIONAL GOIÁS II - GO | B27: Divisão Rio Verde - GO2
A28: REGIONAL GOIÁS II - GO | B28: Divisão Santa Helena - GO2
A30: REGIONAL GOIÁS III - GO
A31: REGIONAL GOIÁS III - GO | B31: Divisão Caldas Novas - GO3
A32: REGIONAL GOIÁS III - GO | B32: Divisão Ipameri - GO3
A33: REGIONAL GOIÁS III - GO | B33: Divisão Morrinhos - GO3
A34: REGIONAL GOIÁS III - GO | B34: Divisão Urutaí - GO3
A35: REGIONAL GOIÁS III - GO | B35: Divisão Goiatuba - GO3
A36: REGIONAL GOIÁS III - GO | B36: Divisão Rio Quente - GO3
A38: REGIONAL GOIÁS IV - GO
A39: REGIONAL GOIÁS IV - GO | B39: Divisão Goianésia - GO4
A40: REGIONAL GOIÁS IV - GO | B40: Divisão Ceres - GO4
A41: REGIONAL GOIÁS IV - GO | B41: Divisão Rialma - GO4
A42: REGIONAL GOIÁS IV - GO | B42: Divisão Uruaçu - GO4
A43: REGIONAL GOIÁS IV - GO | B43: Divisão Porangatu - GO4
A44: REGIONAL GOIÁS IV - GO | B44: Divisão Carmo do Rio Verde - GO4
A45: REGIONAL GOIÁS IV - GO | B45: Divisão Jaraguá - GO4
A46: REGIONAL GOIÁS IV - GO | B46: Divisão Niquelândia - GO4
A47: REGIONAL GOIÁS IV - GO | B47: Divisão Mara Rosa - GO4
A48: REGIONAL GOIÁS IV - GO | B48: Divisão Nova Crixás - GO4
A50: REGIONAL SUDESTE GOIANO - GO
A51: REGIONAL SUDESTE GOIANO - GO | B51: Divisão Anhanguera - GO
A52: REGIONAL SUDESTE GOIANO - GO | B52: Divisão Campo Alegre de Goiás - GO
A53: REGIONAL SUDESTE GOIANO - GO | B53: Divisao Catalão Centro - GO
A54: REGIONAL SUDESTE GOIANO - GO | B54: Divisão Goiandira - GO
A55: REGIONAL SUDESTE GOIANO - GO | B55: Divisão Três Ranchos - GO
A56: REGIONAL SUDESTE GOIANO - GO | B56: Divisão Ouvidor - GO
A57: REGIONAL SUDESTE GOIANO - GO | B57: Divisao Catalão Norte - GO
A58: REGIONAL SUDESTE GOIANO - GO | B58: Divisão Corumbaíba - GO
A59: REGIONAL SUDESTE GOIANO - GO | B59: Divisao Catalão Oeste - GO
A60: REGIONAL SUDESTE GOIANO - GO | B60: Divisao Catalão Sul - GO
A62: REGIONAL GOIÁS V - GO
A63: REGIONAL GOIÁS V - GO | B63: Divisão Anápolis Oeste - GO5
A64: REGIONAL GOIÁS V - GO | B64: Divisão Bela Vista - GO5
A65: REGIONAL GOIÁS V - GO | B65: Divisão Bonfinópolis - GO5
A66: REGIONAL GOIÁS V - GO | B66: Divisão Senador Canedo - GO5
A67: REGIONAL GOIÁS V - GO | B67: Divisão Anápolis Leste - GO5

Sheet CMD XLIX
A1: VOLTAR
A2: Comando Regional XLIX | D2: *CMD REGIONAL XLIX*
A3: REGIONAL BELÉM - PA | D3: =CAPA!E96 -> Mundial: Diego
A4: REGIONAL BELÉM - PA | B4: Divisão Belém Norte - PA | D4: =CAPA!E97 -> Cmd Regional: Mão
A5: REGIONAL BELÉM - PA | B5: Divisão Belém Sul - PA | D5: =CAPA!E98 -> Disciplina: Machete
A6: REGIONAL BELÉM - PA | B6: Divisão Paragominas - PA (Antiga Belém X-Sul) | D6: =CAPA!E99 -> Inteligência: Custódio
A7: REGIONAL BELÉM - PA | B7: Divisão Belém Leste - PA | D7: =CAPA!E100 -> Adm Cmd:
A8: REGIONAL BELÉM - PA | B8: Divisão Castanhal - PA | D8: =CAPA!E101 -> Expansão: Tibão / Kracoldo
A9: REGIONAL BELÉM - PA | B9: Divisão Capanema - PA | D9: =CAPA!E102 -> Comunicação: Barney
A10: REGIONAL BELÉM - PA | B10: Divisão Ananindeua - PA | D10: =CAPA!E103 -> Operacional: Ted / Alemão
D11: =CAPA!E104 -> Armas: Giordane
A12: REGIONAL SANTARÉM
A13: REGIONAL SANTARÉM | B13: Divisão Alter do Chão - PA
A14: REGIONAL SANTARÉM | B14: Divisão Belterra - PA
A15: REGIONAL SANTARÉM | B15: Divisão Itaituba - PA
A16: REGIONAL SANTARÉM | B16: Divisão Mojui Dos Campos - PA
A17: REGIONAL SANTARÉM | B17: Divisão Santarém - PA
A18: REGIONAL SANTARÉM | B18: Divisão Uruará - PA
A19: REGIONAL SANTARÉM | B19: Divisão Altamira - PA
A21: REGIONAL CARAJÁS
A22: REGIONAL CARAJÁS | B22: Divisão Parauapebas - PA
A23: REGIONAL CARAJÁS | B23: Divisão Marabá - PA
A24: REGIONAL CARAJÁS | B24: Divisão Canaã dos Carajás - PA
A25: REGIONAL CARAJÁS | B25: Divisão Redenção - PA
A26: REGIONAL CARAJÁS | B26: Divisão Tucuruí - PA
A27: REGIONAL CARAJÁS | B27: Divisão Curionópolis - PA
A29: REGIONAL AMAPÁ
A30: REGIONAL AMAPÁ | B30: Divisão Macapá Norte - AP
A31: REGIONAL AMAPÁ | B31: Divisão Macapá Sul - AP
A32: REGIONAL AMAPÁ | B32: Divisão Santana - AP
A33: REGIONAL AMAPÁ | B33: Divisão Macapá Centro - AP

Sheet CMD L
A1: VOLTAR
A2: Comando Regional L | D2: *CMD REGIONAL L*
A3: REGIONAL ZONA DA MATA - MG | D3: =CAPA!F96 -> Representante: Véio
A4: REGIONAL ZONA DA MATA - MG | B4: Divisão Conselheiro Lafaiete - MG | D4: =CAPA!F97 -> Cmd Brasil: Sulivan
A5: REGIONAL ZONA DA MATA - MG | B5: Divisão Ouro Preto - MG | D5: =CAPA!F98 -> Disciplina: Cidão
A6: REGIONAL ZONA DA MATA - MG | B6: Divisão Conselheiro Lafaiete Sul - MG | D6: =CAPA!F99 -> Inteligência: Dias
A7: REGIONAL ZONA DA MATA - MG | B7: Divisão Congonhas - MG | D7: =CAPA!F100 -> Adm Cmd: Brow
A8: REGIONAL ZONA DA MATA - MG | B8: Divisão Carandaí - MG | D8: =CAPA!F101 -> Expansão: Tibão / Sniper
A9: REGIONAL ZONA DA MATA - MG | B9: Divisão Mariana - MG | D9: =CAPA!F102 -> Comunicação: Cruvinel
A10: REGIONAL ZONA DA MATA - MG | B10: Divisão Ouro Branco - MG | D10: =CAPA!F103 -> Operacional: Ted / Tavares
D11: =CAPA!F104 -> Armas: Doisnove
A12: REGIONAL VALE DO AÇO - MG
A13: REGIONAL VALE DO AÇO - MG | B13: Divisão Ipatinga - MG
A14: REGIONAL VALE DO AÇO - MG | B14: Divisão Coronel Fabriciano - MG
A15: REGIONAL VALE DO AÇO - MG | B15: Divisão Governador Valadares - MG
A16: REGIONAL VALE DO AÇO - MG | B16: Divisão João Monlevade - MG (Antiga Vale do Aço)
A17: REGIONAL VALE DO AÇO - MG | B17: Divisão Médio Piracicaba - MG
A18: REGIONAL VALE DO AÇO - MG | B18: Divisão Guanhães - MG
A20: REGIONAL BELO HORIZONTE 2 - MG
A21: REGIONAL BELO HORIZONTE 2 - MG | B21: Divisão Barreiro - MG
A22: REGIONAL BELO HORIZONTE 2 - MG | B22: Divisão Ribeirão das Neves - MG
A23: REGIONAL BELO HORIZONTE 2 - MG | B23: Divisão Venda Nova - MG
A24: REGIONAL BELO HORIZONTE 2 - MG | B24: Divisão Pedro Leopoldo - MG
A25: REGIONAL BELO HORIZONTE 2 - MG | B25: Divisão Contagem - MG
A26: REGIONAL BELO HORIZONTE 2 - MG | B26: Divisão Sabará - MG
A27: REGIONAL BELO HORIZONTE 2 - MG | B27: Divisão Contagem Sul - MG
A28: REGIONAL BELO HORIZONTE 2 - MG | B28: Divisão Santa Luzia - MG
A29: REGIONAL BELO HORIZONTE 2 - MG | B29: Divisão Caeté - MG
A30: REGIONAL BELO HORIZONTE 2 - MG | B30: Divisão Esmeralda - MG

Sheet CMD LI
A1: VOLTAR
A2: Comando Regional LI | D2: *CMD REGIONAL LI*
A3: REGIONAL TRIANGULO MINEIRO I - MG | D3: =CAPA!B106 -> Mundial: Diego
A4: REGIONAL TRIANGULO MINEIRO I - MG | B4: Divisão Araguari Sul - MG | D4: =CAPA!B107 -> Cmd Brasil: Arara
A5: REGIONAL TRIANGULO MINEIRO I - MG | B5: Divisão Uberlândia Norte - MG | D5: =CAPA!B108 -> Disciplina: Coquinho
A6: REGIONAL TRIANGULO MINEIRO I - MG | B6: Divisão Santa Juliana - MG | D6: =CAPA!B109 -> Inteligência: Moreno
A7: REGIONAL TRIANGULO MINEIRO I - MG | B7: Divisão Araguari Norte - MG | D7: =CAPA!B110 -> Adm Cmd: Hugo Melo
A8: REGIONAL TRIANGULO MINEIRO I - MG | B8: Divisão Uberlândia Leste - MG | D8: =CAPA!B111 -> Expansão: Tibão / Marmita
A9: REGIONAL TRIANGULO MINEIRO I - MG | B9: Divisão Monte Carmelo - MG | D9: =CAPA!B112 -> Comunicação: Cruvinel
D10: =CAPA!B113 -> Operacional: Melazzo
A11: REGIONAL TRIANGULO MINEIRO II - MG | D11: =CAPA!B114 -> Armas: Capitão
A12: REGIONAL TRIANGULO MINEIRO II - MG | B12: Divisão Campina Verde - MG
A13: REGIONAL TRIANGULO MINEIRO II - MG | B13: Divisão Capinópolis - MG
A14: REGIONAL TRIANGULO MINEIRO II - MG | B14: Divisão Ituiutaba - MG
A15: REGIONAL TRIANGULO MINEIRO II - MG | B15: Divisão Monte Alegre de Minas - MG
A16: REGIONAL TRIANGULO MINEIRO II - MG | B16: Divisão Prata - MG
A17: REGIONAL TRIANGULO MINEIRO II - MG | B17: Divisão Uberlândia Oeste - MG
A18: REGIONAL TRIANGULO MINEIRO II - MG | B18: Divisão Uberlândia Sul - MG

Sheet CMD LII
A1: VOLTAR
A2: Comando Regional LII | E2: *CMD REGIONAL LII*
A3: REGIONAL SUDOESTE DO PARANÁ - PR | E3: =CAPA!C106 -> Mundial: Baptista
A4: REGIONAL SUDOESTE DO PARANÁ | B4: Divisão Pato Branco - PR | E4: =CAPA!C107 -> Cmd Regional: Doc
A5: REGIONAL SUDOESTE DO PARANÁ | B5: Divisão Francisco Beltrão - PR | E5: =CAPA!C108 -> Disciplina: Dantas
A6: REGIONAL SUDOESTE DO PARANÁ | B6: Divisão Itapejara - PR | E6: =CAPA!C109 -> Inteligência: Fico
A7: REGIONAL SUDOESTE DO PARANÁ | B7: Divisão Coronel Vivida - PR | E7: =CAPA!C110 -> Adm Cmd: Hugo Melo
A8: REGIONAL SUDOESTE DO PARANÁ | B8: Divisão Clevelândia - PR | E8: =CAPA!C111 -> Expansão: Tibão / Accyoly
A9: REGIONAL SUDOESTE DO PARANÁ | B9: Divisão Ampére - PR | E9: =CAPA!C112 -> Comunicação: Barney
A10: REGIONAL SUDOESTE DO PARANÁ | B10: Divisão Palmas - PR | E10: =CAPA!C113 -> Operacional: Doc
E11: =CAPA!C114 -> Armas: Rocha
A12: REGIONAL OESTE DO PARANÁ - PR
A13: REGIONAL OESTE DO PARANÁ - PR | B13: Divisão Cascavel Norte - PR
A14: REGIONAL OESTE DO PARANÁ - PR | B14: Divisão Foz do Iguaçu - PR
A15: REGIONAL OESTE DO PARANÁ - PR | B15: Divisão Santa Terezinha do Itaipu - PR
A16: REGIONAL OESTE DO PARANÁ - PR | B16: Divisão Toledo - PR
A17: REGIONAL OESTE DO PARANÁ - PR | B17: Divisão Marechal Cândido Rondon - PR
A18: REGIONAL OESTE DO PARANÁ - PR | B18: Divisão Cascavel Sul - PR
A19: REGIONAL OESTE DO PARANÁ - PR | B19: Divisão Medianeira - PR
A20: REGIONAL OESTE DO PARANÁ - PR | B20: Divisão Cruzeiro do Oeste - PR

Sheet CMD LIII
A1: VOLTAR
A2: Comando Regional LIII | E2: *CMD REGIONAL LIII*
A3: REGIONAL CAMPO LARGO - PR | E3: =CAPA!D106 -> Mundial: Jonatas
A4: REGIONAL CAMPO LARGO - PR | B4: Divisão Campo Largo Norte - PR | E4: =CAPA!D107 -> Cmd Regional: Santana
A5: REGIONAL CAMPO LARGO - PR | B5: Divisão Campo Largo Sul - PR | E5: =CAPA!D108 -> Disciplina: Miro
A6: REGIONAL CAMPO LARGO - PR | B6: Divisão Campo Magro Sul - PR | E6: =CAPA!D109 -> Inteligência: Fico
A7: REGIONAL CAMPO LARGO - PR | B7: Divisão Tanguá - PR | E7: =CAPA!D110 -> Adm Cmd Br: Dead
A8: REGIONAL CAMPO LARGO - PR | B8: Divisão Campo Largo Oeste - PR | E8: =CAPA!D111 -> Expansão: Tibão / Samurai
A9: REGIONAL CAMPO LARGO - PR | B9: Divisão Curitiba Sul - PR | E9: =CAPA!D112 -> Comunicação:
A10: REGIONAL CAMPO LARGO - PR | B10: Divisão Campo Largo Leste - PR | E10: =CAPA!D113 -> Operacional: Ted / Ronei
A11: REGIONAL CAMPO LARGO - PR | B11: Divisão Campo Magro Norte - PR | E11: =CAPA!D114 -> Armas: Shrek
A12: REGIONAL CAMPO LARGO - PR | B12: Divisão Campo Magro Leste - PR
A13: REGIONAL CURITIBA IV - PR | B13: Divisão Balsa Nova - PR
A15: REGIONAL VALE DOS TROPEIROS
A16: REGIONAL VALE DOS TROPEIROS | B16: Divisão Lapa - PR
A17: REGIONAL VALE DOS TROPEIROS | B17: Divisão Porto Amazonas - PR
A18: REGIONAL VALE DOS TROPEIROS | B18: Divisão Marietal - PR
A19: REGIONAL VALE DOS TROPEIROS | B19: Divisão Campo do Tenente - PR
A20: REGIONAL VALE DOS TROPEIROS | B20: Divisão São Mateus do Sul - PR
A21: REGIONAL VALE DOS TROPEIROS | B21: Divisão Cruz Machado - PR
A22: REGIONAL VALE DOS TROPEIROS | B22: Divisão União da Vitória - PR

Sheet CMD LIV
A1: VOLTAR
A2: Comando Regional LIV | E2: *CMD REGIONAL LIV*
A3: REGIONAL PIRASSUNUNGA - SP | E3: =CAPA!E106 -> Mundial: Roney
A4: REGIONAL PIRASSUNUNGA - SP | B4: Divisão Descalvado - SP | E4: =CAPA!E107 -> Cmd Regional: Beto
A5: REGIONAL PIRASSUNUNGA - SP | B5: Divisão Pirassununga - SP | E5: =CAPA!E108 -> Disciplina: Machete
A6: REGIONAL PIRASSUNUNGA - SP | B6: Divisão Porto Ferreira - SP | E6: =CAPA!E109 -> Inteligência: Roney
A7: REGIONAL PIRASSUNUNGA - SP | B7: Divisão Rio Claro - SP | E7: =CAPA!E110 -> Adm Cmd: Mapola
A8: REGIONAL PIRASSUNUNGA - SP | B8: Divisão Santa Cruz das Palmeiras - SP | E8: =CAPA!E111 -> Expansão: Tibão / Furlan
A9: REGIONAL PIRASSUNUNGA - SP | B9: Divisao São Carlos Sul - SP | E9: =CAPA!E112 -> Comunicação: Chris Jr
A10: REGIONAL PIRASSUNUNGA - SP | B10: Divisão Tambaú - SP | E10: =CAPA!E113 -> Operacional: Viking
A11: REGIONAL PIRASSUNUNGA - SP | B11: Divisão Santa Rita do Passa Quatro - SP | E11: =CAPA!E114 -> Armas: Odin
A12: REGIONAL PIRASSUNUNGA - SP | B12: Divisao São Carlos Norte - SP
A14: REGIONAL ARARAS - SP
A15: REGIONAL ARARAS - SP | B15: Divisão Araras - SP
A16: REGIONAL ARARAS - SP | B16: Divisão Leme - SP
A17: REGIONAL ARARAS - SP | B17: Divisão Santa Gertrudes - SP
A18: REGIONAL ARARAS - SP | B18: Divisão Rio Claro - SP

Sheet CMD LV
A1: VOLTAR
A2: COMANDO REGIONAL LV | D2: *CMD REGIONAL LV*
A3: REGIONAL LONDRINA - PR | D3: =CAPA!F106 -> Mundial: Eusimio
A4: REGIONAL LONDRINA - PR | B4: Divisão Londrina Centro - PR | D4: =CAPA!F107 -> Cmd Regional: Aniz
A5: REGIONAL LONDRINA - PR | B5: Divisão Londrina Norte - PR | D5: =CAPA!F108 -> Disciplina: Filipe
A6: REGIONAL LONDRINA - PR | B6: Divisão Bandeirantes - PR | D6: =CAPA!F109 -> Inteligência: Fico
A7: REGIONAL LONDRINA - PR | B7: Divisão Londrina Sul - PR | D7: =CAPA!F110 -> Adm Cmd: Hugo Melo
A8: REGIONAL LONDRINA - PR | B8: Divisão Londrina Oeste - PR | D8: =CAPA!F111 -> Expansão: Tibão / Sniper
A9: REGIONAL LONDRINA - PR | B9: Divisão Mauá da Serra - PR | D9: =CAPA!F112 -> Comunicação:
D10: =CAPA!F113 -> Operacional: Ted / Dias
A11: REGIONAL VALE DO CAFÉ - PR | D11: =CAPA!F114 -> Armas: Santinão
A12: REGIONAL VALE DO CAFÉ - PR | B12: Divisão Apucarana - PR
A13: REGIONAL VALE DO CAFÉ - PR | B13: Divisão Apucarana Sul - PR
A14: REGIONAL VALE DO CAFÉ - PR | B14: Divisão Arapongas - PR
A15: REGIONAL VALE DO CAFÉ - PR | B15: Divisão Cambé - PR
A16: REGIONAL VALE DO CAFÉ - PR | B16: Divisão Londrina Leste - PR

Sheet CMD LVI
A1: VOLTAR
A2: Comando Regional LVI | E2: *CMD REGIONAL LVI*
A3: REGIONAL GUARULHOS I | E3: =CAPA!B116 -> Mundial:
A4: REGIONAL GUARULHOS I | B4: Divisão Centro - GRU I - SP | E4: =CAPA!B117 -> Cmd Regional: Jinno
A5: REGIONAL GUARULHOS I | B5: Divisão Extremo Leste - GRU I - SP | E5: =CAPA!B118 -> Disciplina:
A6: REGIONAL GUARULHOS I | B6: Divisão Leste - GRU I - SP | E6: =CAPA!B119 -> Inteligência:
A7: REGIONAL GUARULHOS I | B7: Divisão Norte - GRU I - SP | E7: =CAPA!B120 -> Adm Cmd:
A8: REGIONAL GUARULHOS I | B8: Divisão Sul - GRU I - SP | E8: =CAPA!B121 -> Expansão: Tibão /
A9: REGIONAL GUARULHOS I | B9: Divisão Oeste - GRU I - SP | E9: =CAPA!B122 -> Comunicação:
A10: REGIONAL GUARULHOS I | B10: Divisão Extremo Oeste - GRU I - SP | E10: =CAPA!B123 -> Operacional: Godoy /
A11: REGIONAL GUARULHOS I | B11: Divisão Extremo Sul - GRU I - SP | E11: =CAPA!B124 -> Armas:
A12: REGIONAL GUARULHOS I | B12: Divisão Extremo Norte - GRU I - SP
A14: REGIONAL SP15
A15: REGIONAL SP15 | B15: Divisão Leste - SP15
A16: REGIONAL SP15 | B16: Divisão Norte - SP15
A17: REGIONAL SP15 | B17: Divisão Oeste - SP15
A18: REGIONAL SP15 | B18: Divisão Sul - SP15
A19: REGIONAL SP15 | B19: Divisão Extremo Norte - SP15
A21: REGIONAL ALTO DO TIETÊ 3 - SP
A22: REGIONAL ALTO DO TIETÊ 3 - SP | B22: Divisão Arujá - SP
A23: REGIONAL ALTO DO TIETÊ 3 - SP | B23: Divisão Itaquaquecetuba - SP
A24: REGIONAL ALTO DO TIETÊ 3 - SP | B24: Divisão Santa Isabel - SP
A25: REGIONAL ALTO DO TIETÊ 3 - SP | B25: Divisão Itaquaquecetuba Sul - SP
A26: REGIONAL ALTO DO TIETÊ 3 - SP | B26: Divisão Igaratá - SP
A27: REGIONAL ALTO DO TIETÊ 3 - SP | B27: Divisão Itaquaquecetuba Leste - SP
A28: REGIONAL ALTO DO TIETÊ 3 - SP | B28: Divisão Arujá Norte - SP

Sheet DB
A1: DATA | B1: COMANDO | C1: REGIONAL | D1: COMUNICADO | E1: Prazo do Estágio | F1: Vencimento Estágio | G1: Comentário
X15: 33 cmds
X16: 132 regionais
X17: 989 divisões | Y17: média de 7,49 por regional
Y18: média de 29,96 por comando

Sheet Div. por Reg.
A1: Divisões por Regionais (x0247)
A4: Divisões | B4: UF | C4: Qtd
A5: Acre
A6: REGIONAL ACRE - AC
A7: Divisão Cruzeiro do Sul - AC | B7: AC | C7: 1
A8: Divisão Rio Branco - AC | B8: AC | C8: 1
A9: Divisão Boca do Acre - AM | B9: AM | C9: 1
A10: Total:REGIONAL ACRE - AC | C10: 3
A11: Total:Acre | C11: 3
A12: Amapá
A13: REGIONAL AMAPÁ - AP
A14: Divisão Macapá Centro - AP | B14: AP | C14: 1
A15: Divisão Santana - AP | B15: AP | C15: 1
A16: Divisão Macapá Norte - AP | B16: AP | C16: 1
A17: Divisão Macapá Sul - AP | B17: AP | C17: 1
A18: Total:REGIONAL AMAPÁ - AP | C18: 4
A19: Total:Amapá | C19: 4
A20: Amazonas
A21: REGIONAL MANAUS - AM
A22: Divisão Itapiranga - AM | B22: AM | C22: 1
A23: Divisão Iranduba - AM | B23: AM | C23: 1
A24: Divisão Manaus Sul - AM | B24: AM | C24: 1
A25: Divisão Manaus Norte - AM | B25: AM | C25: 1
A26: Divisão Manaus Leste - AM | B26: AM | C26: 1
A27: Divisão Manaus Centro - AM | B27: AM | C27: 1
A28: Divisão Manaus Oeste - AM | B28: AM | C28: 1
A29: Divisão Itacoatiara - AM | B29: AM | C29: 1
A30: Divisão Presidente Figueiredo | B30: AM | C30: 1
A31: Divisão Sudeste - AM | B31: AM | C31: 1
A32: Total:REGIONAL MANAUS - AM | C32: 10
A33: Total:Amazonas | C33: 10
A34: Bahia
A35: REGIONAL NORDESTE V
A36: Divisão Salvador - BA | B36: BA | C36: 1
A37: Divisão Feira de Santana - BA | B37: BA | C37: 1
A38: Divisão Paulo Afonso - BA | B38: BA | C38: 1
A39: Divisão Camaçari - BA | B39: BA | C39: 1
A40: Divisão Ribeira do Pombal - BA | B40: BA | C40: 1
A41: Divisão Jacobina - BA | B41: BA | C41: 1
A42: Divisão Pilar - BA | B42: BA | C42: 1
A43: Divisão Salvador Norte - BA | B43: BA | C43: 1
A44: Divisão Serrinha - BA | B44: BA | C44: 1
A45: Divisão Lauro de Freitas - BA | B45: BA | C45: 1
A46: Divisão Salvador Leste - BA | B46: BA | C46: 1
A47: Divisão Itaberaba - BA | B47: BA | C47: 1
... A49: Divisão Salvador Litoral - BA | B49: BA | C49: 1
A50: Total:REGIONAL NORDESTE V | C50: 14
A51: REGIONAL NORDESTE VIII
A52: Divisão Barreiras - BA | B52: BA | C52: 1
A53: Divisão Luís Eduardo Magalhães | B53: BA | C53: 1
A54: Divisão Barreiras Norte - BA | B54: BA | C54: 1
A55: Divisão Serra Dourada - BA | B55: BA | C55: 1
A56: Divisão Santa Maria da Vitória | B56: BA | C56: 1
A57: Divisão Barreiras Sul - BA | B57: BA | C57: 1
A58: Divisão Correntina - BA | B58: BA | C58: 1
A59: Divisão Bom Jesus da Lapa - BA | B59: BA | C59: 1
A60: Divisão Seabra - BA | B60: BA | C60: 1
A61: Divisão Posse - GO | B61: GO | C61: 1
A62: Total:REGIONAL NORDESTE VIII | C62: 10
A63: REGIONAL NORDESTE XI
A64: Divisão Porto Seguro - BA | B64: BA | C64: 1
A65: Divisão Vitória da Conquista - | B65: BA | C65: 1
A66: Divisão Santa Cruz de Cabralia | B66: BA | C66: 1
A67: Divisão Guanambi - BA | B67: BA | C67: 1
A68: Divisão Ilhéus - BA | B68: BA | C68: 1
A69: Divisão Eunápolis - BA | B69: BA | C69: 1
A70: Divisão Jequié - BA | B70: BA | C70: 1
A71: Divisão Caetité - BA | B71: BA | C71: 1
A72: Divisão Planalto - BA | B72: BA | C72: 1
A73: Total:REGIONAL NORDESTE XI | C73: 9
A74: Total:Bahia | C74: 33
A75: Ceará
A76: REGIONAL NORDESTE II
A77: Divisão Eusebio - CE | B77: CE | C77: 1
A78: Divisão Fortaleza Sul - CE | B78: CE | C78: 1
A79: Divisão Maracanaú - CE | B79: CE | C79: 1
A80: Divisão Vale do Jaguaribe - CE | B80: CE | C80: 1
A81: Divisão Pacajus - CE | B81: CE | C81: 1
A82: Divisão Fortaleza Centro - CE | B82: CE | C82: 1
A83: Divisão Fortaleza Oeste - CE | B83: CE | C83: 1
A84: Divisão Fortaleza Leste - CE | B84: CE | C84: 1
A85: Divisão Litoral Leste - CE | B85: CE | C85: 1
A86: Divisão Cariri - CE | B86: CE | C86: 1
A87: Divisão Aquiraz - CE | B87: CE | C87: 1
A88: Divisão Mauriti - CE | B88: CE | C88: 1
A89: Total:REGIONAL NORDESTE II | C89: 12
A90: REGIONAL NORDESTE X
A91: Divisão Caucaia - CE | B91: CE | C91: 1
A92: Divisão Paracuru - CE | B92: CE | C92: 1
A93: Divisão Trairi - CE | B93: CE | C93: 1
A94: Divisão Itapipoca - CE | B94: CE | C94: 1
A95: Divisão São Gonçalo do Amarant | B95: CE | C95: 1
A96: Total:REGIONAL NORDESTE X | C96: 5
A97: Total:Ceará | C97: 17
A98: Distrito Federal
A99: REGIONAL BRASÍLIA I - DF
A100: Divisão Brasília - DF | B100: DF | C100: 1
A101: Divisão Jardim Botânico - DF | B101: DF | C101: 1
A102: Divisão São Sebastião - Df | B102: DF | C102: 1
A103: Divisão Riacho Fundo - DF | B103: DF | C103: 1
...

Sheet Tabela dinâmica 2
A1: Divisões | B1: COUNTA of Qtd
A2: Acre
A3: Amapá
A4: Amazonas
A5: Bahia
A6: Ceará
A7: Distrito Federal
A8: Divisão Afogados da Ingazeira | B8: 2
A9: Divisão Água Clara - MS | B9: 1
A10: Divisão Aguaí - SP | B10: 1
A11: Divisão Águas da Prata - SP | B11: 1
A12: Divisão Aguas de Lindoia - SP | B12: 1
A13: Divisão Águas de São Pedro - S | B13: 1
A14: Divisão Águas Lindas - GO | B14: 1
A15: Divisão Agudos - SP | B15: 1
A16: Divisão Aiuruoca - MG | B16: 1
A17: Divisão Alambari - SP | B17: 1
A18: Divisão Aldeia da Serra Norte | B18: 1
A19: Divisão Aldeia da Serra Sul - | B19: 1
... A1393: Divisão Zona Sul - RJ1 | B1393: 1
A1394: Espírito Santo
A1395: Goias
A1396: Maranhão
A1397: Mato Grosso
A1398: Mato Grosso do Sul
A1399: Minas Gerais
A1400: Pará
A1401: Paraíba
A1402: Paraná
A1403: Pernambuco
A1404: Piauí
A1405: REGIONAL ABC1 - SP
... A1610: Tocantins
A1611: Total Geral: | B1611: 1
A1612: Total:Acre | B1612: 1
A1613: Total:Amapá | B1613: 1
A1614: Total:Amazonas | B1614: 1
A1615: Total:Bahia | B1615: 1
A1616: Total:Ceará | B1616: 1
A1617: Total:Distrito Federal | B1617: 1
A1618: Total:Espírito Santo | B1618: 1
A1619: Total:Goias | B1619: 1
A1620: Total:Maranhão | B1620: 1
A1621: Total:Mato Grosso | B1621: 1
A1622: Total:Mato Grosso do Sul | B1622: 1
... A1826: Total:Tocantins | B1826: 1
A1827: (vazio)
A1828: Total Geral | B1828: 1635
